S00A0000656F732E6F757428
S1230400BDDEE2308F8300078F35BD0761BDDEE218CE08B4BDE162183C18CE3A98BDDE65FE
S123042018388602A707BD06BE18CE02BE1AEF02861CA7068618A7058601A7018600A7000B
S1230440A60618CE02ECBDDFDBA6001AEE02BDDFDBA601810126046C006C006A00A60081BE
S123046006260986FFA701BD0540200B810026078601A701BD05401AEE02188C02BE260670
S123048018CE02D5200418CE02BE1AEF02BD0690183C18CE1F40BDDE6518386A05272018BC
S12304A0CE02EC18A60081652D05866018A700186C0018A60081622603BD069C7E0440BDD5
S12304C0055B183C18CE2710BDDE651838BD05956A0727037E0426183C18CE4E20BDDE65B5
S12304E01838BDDEE28614A70518CE0906BDE162183C18CE0FA0BDDE651838860518CE093D
S123050082BDDFDB183C18CE0FA0BDDE651838860518CE0985BDDFDB183C18CE0FA0BDDEAB
S12305206518386A0526D4BDDEE2183C18CE1388BDDE6518387E040A308FC300078F3539E5
S123054018CE02BE18A6018104270FC605186C01186C18180818085A26F339A60616BDDE42
S123056080398600C610BDDE80183C18CE2710BDDE65183818CE02F0A606BDDFDB18A600CD
S123058081742710186C00183C18CE0DACBDDE65183820E4398600C610BDDE8018CE02ECDC
S12305A0CC617C18ED00A606BDDFDB8600A700BD069C18CE02F2CC414218ED00CC43201865
S12305C0ED0218E708865518A705A600BDDFDB183C18CE04B0BDDE651838BD069CCC494A69
S12305E018ED00CC4B4C18ED02865518A708A600BDDFDB183C18CE04B0BDDE651838BD06C8
S12306009CCC515218ED00CC535418ED02A600BDDFDB183C18CE04B0BDDE651838BD069C92
S1230620CC616218ED00CC636418ED02A600BDDFDB183C18CE04B0BDDE651838BD069CCC02
S1230640696A18ED00CC6B6C18ED02A600BDDFDB183C18CE04B0BDDE651838BD069CCC206E
S12306607218ED0018A705CC737418ED02A600BDDFDB183C18CE04B0BDDE6518386C00A614
S123068000810D27037E05AF8600C610BDDE8039183C3C3618CE000286642008183C3C3636
S12306A018CE0008CE10001C00404A26FD1D004086324A26FD180926EB323818383918CE14
S12306C002BECC203018ED0018ED0218ED0418ED0618ED08CC207C18ED0ACC204F18ED0C4A
S12306E018ED0E18ED1018ED1218ED14862018A71618CE02D5CC203018ED0018ED0218ED39
S12307000418ED0618ED08CC207C18ED0ACC204918ED0C18ED0E18ED1018ED1218ED14861E
S12307202018A71618CE02ECCC617C18ED00865018A70218CE02EFCC697C18ED008650182C
S1230740A70218CE02F2CC494A18ED00CC4B4C18ED02867C18A704CC555518ED0518ED07F3
S12307603918CE0810BDE162183C18CE1770BDDE651838861918CE0958BDDFDBBD06901865
S12307803C18CE07D0BDDE651838861918CE095FBDDFDBBD0690183C18CE07D0BDDE65182C
S12307A038861918CE0966BDDFDBBD0690183C18CE0FA0BDDE651838862218CE096DBDDF66
S12307C0DBBD0690183C18CE07D0BDDE651838862218CE0974BDDFDBBD0690183C18CE0770
S12307E0D0BDDE651838862218CE097BBDDFDBBD0690183C18CE3A98BDDE65183818CE08AF
S123080062BDE162183C18CE7530BDDE65183839202020537061636520496E7661646572D5
S1230820732020207C202020424C202020204220202020202020202020202020312D202077
S12308402020204142432D2020202020207C202020492020202020205555552020202020FD
S1230860202020202020202020474554202020202020203030307C20202020202020202068
S1230880202020202020202020202020202020202052454144592120202020205F61617C61
S12308A02020202020202020202020202020202020535050202020202020202020202020A1
S12308C020202020203030307C20202020202020202020202020202020202020202020792F
S12308E07A20797A202020797A20797A20205F61617C202050502050502020205050205014
S123090050202053505048692D536333726572733A20414A5220534352207C4242204242CA
S12309204F4242424220202020202020202020202020202020202020202020415220204A7F
S12309405348207C20202020202020202020202020202020202020203220207C202020325C
S123096035207C2020203235207C2020203120207C2020203130207C2020203130307C2008
S10B09802020337C49337C4F35
S1232000F60251BD2114F70041B60251B700487F024FBD20797D0047265EF60041C1FF27B5
S12320204C8620B70048BD20797D0047263FF600411241801CC100270EC106220A8621B7BF
S12320400048BD207920268622B70048BD2079201CC47FC100270EC106220A86A1B700480D
S1232060BD2079200886A2B70048BD20797D00472606B60044B70043391447FF18CE21776C
S123208018A6001808B10043260818A600B10048270A1808188C238F246220E418A601B7DE
S12320A000451245804D18CE238F18A600B10045270CC606183A188C256325EE203E18A6BB
S12320C001817E2703B7004318A602B700467D0069270A186D032705BD67AD201F183C18D4
S12320E0EE0418AD001838B600462606B60043B7004439B70043C64BF70046397F00473900
S123210035171B1D1E272B2D2E335536393A3C474B4D4E53B602515F18CE210018A1002730
S12321200A18085CC1132FF4C6FF39C1092F04CB80C00A397F025CCE01B708080818CE85EF
S1232140C38C0038271CA600810D2716812026030820EA18A100271118081808188C864FBA
S123216025F1CC0D0DFD01B73918A601B702513CBD2000380820C6009301FF009502FF0739
S12321809301FF079502FF089301FF089502FF00210AFF00E83DFF00F03EFF005985FF85F5
S12321A0170BFF851B0BFF851D0BFF852D0BFF852E0BFF85330BFF855961FF006503FF00C4
S12321C0C303FF00C503FF00A512FF00E456FF00E557FF002209FF005686FF075687FF0855
S12321E05688FF00AA0FFF07AA26FF08AA26FF8BAA8BFF86711BFF86721CFF86741BFF861C
S1232200781CFF877122FF877223FF877422FF877823FF887124FF887225FF887424FF88D5
S12322207825FF00711DFF00721DFF00741FFF007820FF8B8721FF8B8B21FF8B711BFF8BB1
S1232240721CFF009604FF009907FF009A08A105FF00A105FF00AC06FF07AC26FF08AC2666
S1232260FF008D0EFF008E0EFF00A613FF89A114FF00A915FF8AA116FF000F360F0DFF07CD
S12322800F370F0DFF080F380F0DFF010F4EFF0D0F4CFF0DB14CFF00B20DFF0D214DFF0D5D
S12322A0A14DFF912160FF91A160FF006C0CFF076C0CFF086C0CFF00D40CFF00D80CFF282D
S12322C06C14FF306C15FF3A6C16FF8620102011FF8720172018FF882019201AFF006927AB
S12322E0FF00D127FF00D227FF006328FF00B428FF00B828FF006629FF00C658FF00C958DC
S1232300FF00CA58FF00CC58FF005C5DFF8E5C3CFF8E212AFF932132FF8E5A96FF96213B6D
S1232320FF006A33FF005985872DFF0059858B2DFF008739FF8F212EFF8F222EFF8FA12E00
S1232340FF8FA22EFF008B3AFF90212FFF90222FFF90A12FFF90A22FFF0D56918B30FF919B
S12323608E30FF005A5EFF942134FF865A9B215FFF9B225FFF009C4FFF4FAC51FF00A350C0
S1232380FF00E299FF99205A205BFF00F862FF017E00005ED0027E00005F04030000013D09
S12323A015040000014AC9057E00014DD5060000004FAB070700014AEB080800014CCE09CE
S12323C000000031CC0A0000002D320B0000002E770C7E000066EF0D0D000025630E004B09
S12323E000505C0F004B002B2E10104B0063A7110000006299120000003DF713004B015103
S12324001114000001513015004B01515C16000001517B17174B0063A7180700006299196A
S1232420194B0063A71A08000062991B000000DDBD1C000000DDE91D0000002B671F0000A8
S1232440002BEF200000002B9821000000536322070000DDBD23070000DDE924080000DDE8
S1232460BD25080000DDE9260000004FEE2700000053A42800000053CF2900000154542AE1
S12324800011002F6A2B00000151A72C0000002CA42D0000012CB52E00000128AE2F00002B
S12324A00128EF300D4B00295A320011002FA23300000030073400000130A135000001300B
S12324C0BB36361100DE7137371100DE7138381100DE7139004B0050CC3A004B0050CC3B57
S12324E00000012FD33C00000054203D0000002C463E0000002C734C01000025EA4D0000F0
S12325000029C54E00000031A84F4F00014B43504F00014B5F510000004FD7560000003E20
S12325201D570000003E2158000001548A5A5A4B0063A75B00000054B05C00000131375D03
S1232540004B002FDB5E004B0130E95F0000013126600000002A49610000002E6F62000075
S12325600067A0BD674D183C18CE05DCBDDE651838BD676BBD2D12CE10001D0002860DB7A2
S12325800044B70043B60254261CCE7E64C61B3A5F18CE019C183A18A600BD25D95C08C10E
S12325A00F26EEBD4469BDC36E863EBDDE37C6FFBD2B24BDC3257F018D7F018E7F018F184E
S12325C0CE95B1BDE162183C18CE4E20BDDE6518388603BDE1737EAC6E36373CA100270642
S12325E0BDC26CBDC26038333239CE10001D00021D0080BD27F9BD287FBD5D11183C18CEF7
S123260003E8BDDE651838BD5D11183C18CE03E8BDDE6518388600BDE17318CE977CBDE1AD
S123262062BD680F183C18CE2710BDDE6518381207010618CE9C4B200418CE97CE18FF02CA
S123264058BD26477EACF67F022C7F022D7F02317F02327F01AB8601B7025A86FFB70257BA
S12326607F00037F00047F004A7F018D7F018E7F018F7F00577F02AF7F00537F022F7F0057
S1232680557F018A7F023F7F02417F023586FFB702568611B702407F006A7F006B7F006CBD
S12326A07F006DCE0000FF0236FF023BFF023DFF0134FF0061BD26DF86FFB701898601B751
S12326C000447F000286FFB70065B70066B700677F024FBDC36E863EBDDE37BDC32539180B
S12326E0CE0166CE6949C60EBD279918CE0122CE6901C60BBD279986025F18CE016618A74E
S1232700043637BD5CEDB6014818CE017433183A18A700324C4C4C5CC10A26DECE689C1875
S1232720CE00E6C60BBD2799CE79E018CE0112C610BD2799CE689118CE00F1C60BBD279934
S1232740CE68A718CE00FCC60BBD2799CE68B218CE017EC60BBD2799CE68F618CE0107C6ED
S12327600BBD2799CE684B18CE0017C609BD2799CE685D18CE0020C604BD279918CE0070CD
S1232780CC000018ED0018ED0218ED0418ED0618ED0818ED0ACE100039A60018A700081891
S12327A0085A26F53918CEAAE8CE7E2018A600A100270C3C183CBDC26CBDC26018383808FF
S12327C01808188CAB2726E439CE7E64EC001A83FFFF27013918CEAAE3BD289C18CEAAFC04
S12327E0CE7E647E27ACCE7E643C373AA1002706BDC26CBDC26033383918CE7E6418A600B5
S123280081FF260418CE7E3418A600B7007EB6000E84BF18AA00B7000EBD625A18A6138423
S12328203FB7019218A615843FB7019318A617843FB70194CE7E10EC00FD005BEC02FD00BB
S12328405DEC04FD005F18A619B702AB18A61AB7004F2704C6192002C61ABD2B2418A62AB2
S1232860B70050BD2CECCE7E64A60081FF2603CE7E34C61B3A18CE019CC60FBD279939B61A
S1232880018CC6103DCE7EC03A3AA60081FF26088616B7018CCEAAE8BD2939395FCE7E106D
S12328A018A600BD27E918085CC10526F339B60041847FB7018CC6103DCE7EC03A3AB6006E
S12328C07F5FBD27E9B600855CBD27E9B600865CBD27E9B600875CBD27E918CE00A25C181E
S12328E03A18A600BD27E9C11326EFBD67EE39B60041847FC6103DCE7EC03A3AA60081FF28
S12329002617BDDEE24F18CE96F9BDDFDB8601B7022CB70231BD67B639B60041847FB701A3
S12329208CBD2939BDDEE2BD46198601B7022CB70231BD398FBD67B639A600B7007FA601DE
S1232940B70085A602B70086A603B70087C6043A18CE00A6C610BD279939B6000E848FF682
S1232960000FC4701BB7000EBD625A18CEAAFCCE7E64BD27AC18CEAAE3BD289CBD67EE18CD
S12329803C18CE03E8BDDE651838BD67EECE7EC0BDC26C088C800026F7CEAAE8BD293939E4
S12329A0B68004F680061AB37E002718BD295ABD297FB68004CE7E00BD25D9B68006CE7E65
S12329C001BD25D93912070407B60044B7004339BD2AC7F60041C47FF7018DF70063860818
S12329E010B7180886FFB7006686FFB7006EBDDEE28600BDE17318CE977CBDE162BD680F5F
S1232A00183C18CE2710BDDE65183818CE8A92BDE1623434341830B60041847F8B3018A797
S1232A2000867C18A701862018A702861FBDDFDB8601B7022C8E03FF7F0254BD2B05867F8A
S1232A40B70063BD2D327EAD6FBD2AC7F60041C47FF7018EF70063860810B7180886FFB7E9
S1232A6000678611B7024086FFB7006EBDDEE28600BDE17318CE977CBDE162BD680F183C1C
S1232A8018CE2710BDDE65183818CE8AE4BDE1623434341830B60041847F8B3018A7008693
S1232AA07C18A701862018A702861FBDDFDB8601B7022C8E03FF7F0254BD2B05867FB700D9
S1232AC063BD2D327EAD6FCE10001C00021D0080BD27F9BD287FBD5D11183C18CE03E8BDF2
S1232AE0DE651838BD5D11183C18CE03E8BDDE651838BD26477F02577F022A7F02547F009E
S1232B00447F004339BD39AFBD2DD5B60000260712030103BD6754BD67997F0002BD2DBEB4
S1232B20BD2F4739CE10001F2E80FCE72F39B6025A8102272C8101271F81062603BD446965
S1232B408601B7025A7F022C7F022D7F022EBDDEE2BD3E3A7F004639868BB700437F00444F
S1232B60398601B7022A39863FB700817F0056B6025A81062603BD4469B6025A81022304BB
S1232B808601200A81022604860120028602B7025ABDDEE2BD3E3A39863FB700817F0056D2
S1232BA0B6025A81062603BD4469B6025A8111273D7C025AB600692723B6025A810327F1EE
S1232BC0810427ED810527E9810627E5810727E1810827DD810927D9810D27D5BDDEE2BDC4
S1232BE03E3AB6025A8105260586FFB7005639863FB700817F0056B6025A81062603BD4436
S1232C0069B6025A8101273D7A025AB600692723B6025A810327F1810427ED810527E981B2
S1232C200627E5810727E1810827DD810927D9810D27D5BDDEE2BD3E3AB6025A81052605D8
S1232C4086FFB7005639B600631263800581062D144F847F81032D14810326028B038109EF
S1232C602D0A4F20E84CB700417E2D324CB700417E2E77B600631263800881012E0E860AD6
S1232C802011847F81012E0B860720EE4AB700417E2D324A81042D06810626028003B7009C
S1232CA0417E2E77B60048817227047F02563986FFB702563913638032BD2D0416B6004889
S1232CC081872705FA0050200453F40050F7005017C62ABD27E6BD2CECBD4484B6025A81B2
S1232CE00727088601B7022CB7023139BD2D0416F400502604C60A2002C600860CBD5C90A6
S1232D00CE100039F60063C47F86015A27034820FA391408FF18CE68EFBD5CDB18CE013BE8
S1232D2018A6048130260A18A606810426037F000839F60041860810F10063260DB6025A4C
S1232D40810127037E2E537E2DA5F70063B70015BD5BA2BD674D183C18CE05DCBDDE6518F0
S1232D6038CE10001C0001BD62877F006A7F006B7F006D7F006C8611B70240CC0000FD0271
S1232D803BFD023DBD2DD5BD2E53B60000260A12030106BD6771BD6754BD67997F0002BDB1
S1232DA02DBEBD2F4739BD2DAB20F7F600415ACB0418CE7E64183A18A600B70011398DEB5B
S1232DC0847F8104240E181F0080028B034AB70010BD626339BD5B6B183C18CE012CBDDE9D
S1232DE0651838860BC640BD5C90183C18CE03E8BDDE651838BD2E5F260CBD2E5F2607BDB5
S1232E002E5F26022015183C18CE05DCBDDE651838BD5FFD86FFB701892037BD2E67260C9F
S1232E20BD2E672607BD2E672602201ABD67C5BD5B58CE10001C2440183C18CE07D0BDDEF8
S1232E406518387E2DD5BD39AF7F022CBD397BBD5FFD398601B7025ABD3E3A7F022C3986E9
S1232E6011BD5CAD8410398602BD5CAD8440398608B700417E2E77F60041CA80F1006326BB
S1232E800DB6025A810127037E2E537E2F46F70063BD674D183C18CE05DCBDDE651838CC6F
S1232EA00000FD023BFD023D8601B7006A7F006B7F006C7F006DBD5B58CE10001C24401849
S1232EC03C18CE03E8BDDE651838F60041C1072717C1082709C109270ABD5BA2200FBD5B5F
S1232EE0BD2016BD5BC92011BD5BAE200CF600415A585858860BBD5C90183C18CE04B0BD59
S1232F00DE651838BD397BBD5FFDBD2CECBD2E5312030103BD6754BD67997F0002F6004177
S1232F205ACB0A18CE7E64183A18A600B70011847F8104240E181F0080028B034AB70010AC
S1232F40BD6263BD2F4739C61613118002CB80BD2B24F60011C47F5ACB10BD2B24398B1047
S1232F60C617BD2B2416BD2B2439B600418107242A847FB70011BD2F478601B7025ABD3EA9
S1232F803ABD30557F00448693B70043B600114AB7001081032403BD6263397F00447F005B
S1232FA04339B600104CB1004127037E2D32B60041810724E68A80B70011BD2F47B6001131
S1232FC0847F810424098B034AB70010BD6263BD305539B600414ABD2F5E397F0044868E01
S1232FE0B70043B6022C2607B6025A81012711BDDEE27F022D7F022E8601B7025ABD3E3A4D
S1233000BD3055BD2F4739B6025A81012646B602312641CE7E64C60413638002C60A3AF63C
S12330200063C47F5A3AB600115FBD27E98601B7023113638013B60063847F81062C05BD54
S123304046E12008BD476B2003BD46CBBD67EE8601B7022C39308F8300098F35863AA70090
S1233060B600111211800A8B30A7028643A701200A847F8B30A7028653A7018620A703861B
S12330807CA704CC2020ED05ED071830861ABDDFDB8601B7022CB70231308FC300098F350F
S12330A039F60041F17E66273AF70190860810B70016BD6290BD316C5F2012F60041F17E33
S12330C0672720F70191BD3154C6062000FB00415ACB0418CE7E64183A18A6004A847FBD40
S12330E02F5E39BD31487E67A47F00448694B70043B6022C2607B6025A81012715B6004891
S1233100815927197F022D7F022E8601B7025ABD3E3AB6004881592704BD316C39BD31548D
S1233120865EB7004339B6004181072426C602BD27E68D147E67EEB6004181072415C60324
S1233140BD27E68D037E67EE8601B7022EBDDEE2BD44BF39308F8300098F35863AA700B62E
S123316001918B30A7028641A7012016308F8300098F35863AA700B601908B30A7028644C5
S1233180A7018620A703867CA704CC2020ED05ED071830861ABDDFDB8601B7022CB70231DF
S12331A0308FC300098F35397F02577F022A8E03FFB60254260EBDC36E863EBDDE37BDC32C
S12331C0257EAD3F867FB700637EAD4CB60041B10042270AB700428601B702292039B60238
S12331E02927348655B70042B60041810727068100271A2022B6007E840127022005BD3DC2
S1233200752003BD3DCB8655B70042200ABD3DA08655B70042200012638008B600002703E4
S12332207E32D1B60041270280063627037F007C810127138100260CB6007C270786FFB7FD
S1233240007D20037F007DB60063B1018D32272036BD39AF32F6006B2610F6006C2611F6CA
S1233260006D2612B10064261339B10065260D39B10066260739B1006726013936BD33334E
S12332804D2705BD32C1323932B7006436B6006B322705B70065202036B60063B1018D3278
S12332A02713CE10001E0A200C36B6006D322708B700672003B700668601B7025ABD3E3AB7
S12332C0398601B7018A8601B7025A86FFB7022C398601B7025ABDDEE2BD3E3AF600412701
S12332E002C006F70064F70065F70066F700675818CE3304183A18EE00860DBDDFDB860132
S1233300B7022C398BFC8C0B8C1A8C29BD39AFB6006A260FB6006B260EB6006C260DB600B8
S12333206D260CB6006439B6006539B6006639B6006739B70068B60000270D12638009BDD4
S1233340674D86FFB7018939B6007F8418444444C6693DC3343E188FB60068183C18CE3544
S1233360E01808180818A1002706188C35EA26F1180818A600C6153D1838183A183CBD3987
S1233380AFF6018B1838183A18A600B10189270F8163270DB70189BD33A47F018A4F394F59
S12333A03986FF39BD674DB60189C6053D18CE35EC183A18A600180818E6001808183CBDF3
S12333C036AFCE10001D2440BD3CB4CE10001C2440B6000C8101270C810227048640200689
S12333E0860020028620F600191519E0BB001911270FB700191522E0BB0022B70022BD39B0
S123340044183818A600180818EE0018AD0018CE68C0BD5CDBBD62E6BD5FFD12030117B668
S1233420000027041363800F183C18CE03E8BDDE651838BD67543986FFB7018920F863638E
S1233440636363636363636363636363636363636363636363636363636363636363636308
S12334606363636363636363636363636363636363636363636363636363636363636363E8
S12334806363636363636363636363636363636363636363636363636363636363636363C8
S12334A0636363636363630606060B0A0A0A0A1B251B250A0A0A0A1D0700081E636306262A
S12334C0262626261B1B1B2626262626262600091E63630D0D6363636363630C0C6363635B
S12334E063636301631F6363636363636363636363636363636363636363636363630B0ABF
S12335000A0A0A1B2563250A0A0A0A1D070E082306190619191919191B171B1717171717DA
S12335201A18000F1E63060626262626261B1B1B2626262626262600091E63636363636327
S123354063636363636363636363636363636316166363636363631515636363636363633D
S12335606302632006191A19191919191B171817171717171A18040F22061006100505054A
S1233580051B241B24050505051112001C1E06060626262626261B1B1B2626262626262608
S12335A000091E63631414636363636363131363636363636301631F161663636363636327
S12335C01515636363636363636302632006101110050505051B2412240505050511120326
S12335E01C21FF000001010402020303020102381302020238130303023813010007388BBC
S1233600010703388B00000F3823020140382300004E3823040006391F020180391F0000EA
S12336200E382302070E382300020E382302020E3823020006388B040005391F01070F3858
S12336402301004F382300004F382300020F382301020F382300030A38230303023823004A
S1233660070B382300074B382301070B382301074B38230001483823040007391F020046C1
S12336803823020102389E020202389E030302389E010047389E010043389E020046389EE0
S12336A000070F382300070E3823020140382336B6007C2702C60532484848481BB70109FD
S12336C04FF60085C408581BF60085C410581BF60085C40258581BF60086C41054541B13E9
S12336E007101DF6006B2618CE10001E0A20111263800DF60068C1012706C1032702200759
S1233700F60086C402541BF60086C40854541B16B6007E840381012602C4FDB6000C810169
S12337202604CB402008810226022002CB80F7010A18CE0174F60087183A18A600B7010B63
S12337405F1307101DB6006B2618CE10001E0A20111263800DB600688101270681032702AD
S1233760200ABD3D6218A6002702C640C4C0F7010CB6007E840C4848484884C0260AF600FC
S12337807FC41FF7007F2008F6007FC42026014FB7010DB60192B001934D2C014FF6006ADB
S12337A0260CF6006D2607F6006B260F2038F60068C1012729C1022725202B36F600685C9B
S12337C086123DFB018B18CE3F05183A18E60032C108270AC10A2706C10C270220088B330F
S12337E0817F2302867FB7010EB7010FB60192B001942C014FF6007EC403C10326015FC4BB
S1233800015858585858581BB7011018CE0107BD5CED3918CE687B1308FF0418CE6886BD0B
S12338205CDB391684C015E8C0BB00E8B700E8C40F15E90FFB00E9F700E9B6004A81002670
S1233840095FF700EBF700EC20288101260AC626F700EBF700EC201A8102260AC64CF70096
S1233860EBF700EC200C81032608C67FF700EBF700EC18CE00E6B6018981262606181C0279
S1233880082004181D0208BD5CDB39840715F437BB00F4B700F418CE00F1BD5CDB391684C9
S12338A0C015FEC0BB00FEB700FE17840715FF37BB00FFB700FFB6004A810026035F201667
S12338C081012604C626200E81022604C64C200681032602C67FF700EBF700EC1208FF3733
S12338E018CE69FDCE1000CE10001D24401D28081C28041D020218A600A72A1F2980FCA68C
S12339002A188C79B02704180820EBCE10001C020FCE10001C244018CE00FCBD5CDB3918C6
S1233920CE011285802706181C08082004181D0808847FF6011BC4F81BB7011B18CE01120B
S1233940BD5CFF3918CE0017BD5CDB183C18CE00C8BDDE65183818CE0020BD5CDB183C1869
S1233960CE000ABDDE65183818CE6865BD5CDB183C18CE00C8BDDE6518383986FFB7018923
S1233980BD330CBD33334D270586FFBD33333986FFB70189BD330CBD33334D271186FF7F3C
S12339A00064B70065B70066B70067BD33333912638019B6000027307F006A7F006B7F007F
S12339C06C7F006D86FFB701897E3B668601B7006A7F006B7F006C7F006D8612B7018BCE94
S12339E010001D00807E3B66B60063B1018D2717B1018E2715810226041307020A81042667
S1233A00041307080520067E3B2F7E3AEBCE10001D24408602BD5CAD841027037E3AA1CE34
S1233A2010001F0A20037E3B2FFE023B2607FE023D260220037E3B66CE10001D0080B600FE
S1233A406A27368612BD5CADB1000A2729C601F70232F6000AB7000AC40284021127174D97
S1233A60270DBD674DBD670B86FFB7006E200712030103BD67497E3B66CE10001C24408614
S1233A8001B7006A7F006B7F006C7F006DCE10001D0080BD674DBD670B8612B7018B7E3B90
S1233AA061CE10001F0A20037E3B2FB6006B27037E3B67CE10001D24408601B7006B7F009D
S1233AC06A7F006C7F006DCE10001D0080BD674DBD670B86FFB7006E860FBD3823183C18C3
S1233AE0CE01F4BDDE6518387E3B67B6006D27037E3C4BCE10001D24408601B7006D7F00B4
S1233B006A7F006B7F006CCE10001D008086FFB7006E8614B7018B860FBD389E183C18CEFE
S1233B2001F4BDDE6518388611B702407E3C4BCE10001C2440CE012CFF023BB6006C2626A4
S1233B408601B7006C7F006B7F006A7F006D86FFB7006ECE10001C00808613B7018B7E3B3F
S1233B606186FEB7022C3918CE68C9BD5CDBB6013E84E0275FB600638103260C1207040860
S1233B80860FB7018B7E3C2CCE10001F0A20037E3B2F183C18CE03E8BDDE651838CE1000FE
S1233BA01F0A20037E3B2F18CE68C9BD5CDBB6013E84E0271FCE10001F0A20037E3B2F7F92
S1233BC0006A7F006C7F006B7F006D7F018B86FFB7018939CE10001F0A20037E3B2FB601E3
S1233BE03F8438811026037E3C43CE0000FF023D4FF60149C41FF700880583003E1AB3007F
S1233C00942709FD0094BD62E6BD5FFDB60145840FF60147C40C81022608C108260E86104C
S1233C20200A810A2606C10826028611B1018B271181112305BD67C58612B7018B86FEB7E9
S1233C40022C39860FBD38237E3BEA18CE68C9BD5CDBB6013E84E0270DF602408611B70289
S1233C60405D260F200EF6024027087A0240F60240270839BD674DBD670B3912030103BDCE
S1233C80674939B6006E2622B6000A120A0106843881082004841C810C260FCE10001E0A17
S1233CA02008CC045ABD5C402009CC0458BD5C407F006E398615BD5CADB7000B120A010F36
S1233CC0B6000B840F271E810227248103272AB6000A84C081C02721814027098180270FEF
S1233CE0B6006B260ACC0682BD5C4086012012CC0642BD5C4086022008CC06C2BD5C408679
S1233D0003F6000CB7000C112705C601F702328630B7023639B6004881C3270B81C52707E2
S1233D20B6025A8101263A130710131263800FB6006A270ABD330C4D272781022723BD3D9B
S1233D4062B6004881C3270E81C5270518A6002705186F002005860118A700140602BD3926
S1233D607B3918CE0070F600635AC47F13638002CB06183A3918CE007DB6004881F12715DC
S1233D8081F3270CB6025A8101261418A6002705186F002004181C00FF140604BD397B391A
S1233DA018CE007CB6004881FD271081FE2712B6025A81012614181E00FF06181C00FF20D6
S1233DC003186F00140610BD397B3918CE007EB6004881F5271681F6270CB6025A81012608
S1233DE015181E000206181C00022004181D0002140608BD397B39B6025A81042716B60283
S1233E003127037E42C98601B7022CB70231BDDEE27E42C9B6007E88018401260486082044
S1233E20028605B7007EC600BD27E6BD42C98601B7022CB70231BD397B39B6025A810126AA
S1233E40037E3EB8810226037E42BA810326037E4948810426037E42C9810526037E434D11
S1233E60810626037E43D6810726037E4484810826037E44BF810926037E4619810A260389
S1233E807E46CB810B26037E46E1810C26037E476B810D2606BD47817E481F810E26037EF5
S1233EA0486B810F26037E489C811026037E48AF811126037E48DD3914061F863FB7008134
S1233EC07F00567F01ABB60063848027037E405E4FF6000027037E4009B6006C27037E403B
S1233EE0C8B6006B2679B6006D27037E40FF7E405E02060204010305000A0E0A0C090B0DAA
S1233F000801090208010102030405060D010102030405060E0808020902090909090902EE
S1233F2009020909090909090901010C030405060D01010C030405060E080801010A0A04AE
S1233F4005060D01010A0A0405060E08080B0B02030405060D0B0B02030405060E08087F04
S1233F600089863FB7008218CE3EF1F6018B183A18A600B70005308F83000D8F35BDDEE2C3
S1233F8018CE8DA38604BDDFDBF600655C86123DFB018B18CE3F05183A18A600F6018A2711
S1233FA0107F018AC601F7022CF70231BD52F186008108260B860418CE8DC4BDDFDB202D08
S1233FC0C6063D18CE9722183A3018EC00ED0018EC02ED0218EC04ED04867CA706CC202019
S1233FE0ED07ED09ED0B1830860EBDDFDB308FC3000D8F35B60005BD4164BD41D4861ABDE9
S12340004210BD425FBD5AE1397F0089B60063B1018D272FB1018E271E81022604130702B7
S1234020228103260413070414810426041307080618CE8B78201018CE8BBA200A18CE8BC4
S1234040DB200418CE8B99863FB70082183CBD5EABBD5FFD18388607B700057E414C7F00FF
S123406089B60069271881032705150D402003140D40BD6251B600694A84037E4184B60066
S123408064260B18CE8C388623B7008220328101261118CE8C59863FB700828601B70005E4
S12340A07E414C810226108601B7008918CE8C7A862FB70082200918CE8C9B8633B700826F
S12340C08602B700057E414C7F0089B6018A27117F018AC601F7022CF7023118CE8CFE205C
S12340E011B600668100270618CE8CBC200418CE8CDD863FB700828608B700057E414C7F6E
S12341000089B6006781FF27328100272E8101271F8102270B18CE8D828633B7008220249E
S12341208601B7008918CE8D61862FB70082201418CE8D40863FB70082200918CE8D1F86CC
S123414023B700828602B700057E414CBDDEE2BD4164BD417EBD41D4861ABD4210BD425F76
S1234160BD5AE139183CC60E3DC38F0C188F4FBDDFDB8614C607183ABDDFDB183839860497
S1234180BDDFDB39BDDEE2BD41B318CE8B36B6007E84038101260BB600698103260418CE75
S12341A08B578604BDDFDBBD41D4861ABD4210BD5AE139183C8403C6073DC3908D188F8674
S12341C000BDDFDB861418CE908DC615183ABDDFDB18383934343434341830B60063848031
S12341E02707864118A7002005864418A700B60063847F8B3018A701867C18A70286201841
S1234200A70318A7048618BDDFDB31313131313930368F83000A8F35F6006317C47F5A8413
S123422080270618CE01A2200418CE019C183A18A600C6043D18CEAA07183A18EC00ED00AC
S123424018EC02ED02867CA704CC2020ED05ED071830A609BDDFDB308FC3000A8F3539B619
S123426001AB27013912638015B600002620B6023281022719B60009840F27122005B60212
S123428041270B860FB7023F18CE86612026F6006317C47F5A8480270618CE01A220041804
S12342A0CE019C183A18A600270618CE8664200418CE8650861ABDDFDB398601B7022A7F69
S12342C002207F022CBDDEE239B6007E8401264318CE90B0BDE162B6007E840C2708810495
S12342E027108108270618CE9154200A18CE9162200418CE915B8625BDDFDBB6007D270B82
S123430018CE91698614BDDFDB20078614C616BDDE803918CE9102BDE162B6007E8404265C
S12343200618CE9170200418CE91738627BDDFDBB6007E8402260618CE9176200418CE91EC
S1234340838614BDDFDB3902101624091D86FFB70041B6008236863FB700827F0084BD4E23
S12343606832B700823434343430B60085F60086127F2004843CC43CA700E7016F028601B3
S1234380A70318CE4347E602183A18A600E603F4007F260D18CE8DFABDDFDB6401640020AB
S12343A0266401250618CE866F200418CE866A36BDDFDB324C4C6400240618CE8674200465
S12343C018CE8650BDDFDB6C026803A602810626B131313131397F00847F0081BDDEE2B694
S12343E0008236861FB7008286FFB70041BD4E6832B70082308F83000A8F356F0930862E5C
S1234400A701866DA703867CA704CC2020ED05ED07E60918CE005B183A18A600270C8101BF
S12344202704866D2006862D2002862BA70318CE0192E60954183A18E600BD54F630FC01C4
S123444032C33030A700E70218CE493FE609183A18A6001830BDDFDB306C09A60981052647
S12344609C308FC3000A8F3539CE7E64C6133A5F18CE0192183A18A600BD25D95C0808C180
S12344800326ED3918CE9190BDE1623434341830B600505F44241F18303637863618A700C2
S12344A0867C18A701862018A70286033D5CCB1417BDDFDB33325CC10326D93131313918D8
S12344C0CE91E2BDE162308F8300078F3518CE0174F60087183A18E600BD54F61830FC0116
S12344E031C3303018ED00B601338B3018A702867C18A703CC202018ED0418A7068608BD10
S1234500DFDBB6018D260CB6018E2615B6018F261E204018CE9234860EBDDFDBB6018D20E2
S12345201C18CE923F860EBDDFDBB6018E200E18CE924A860EBDDFDBB6018F200018308B20
S12345403018A700867C18A701862018A7028613BDDFDB1830CE7E64A6028B3018A700868F
S12345607C18A701862018A7028627BDDFDBBD4579308FC300078F3539308F8300078F3562
S1234580CE10001C39808602A7301F3080FC1D30804FE631EB328900EB338900EB34890012
S12345A004041D3980CEAB273AE6002A3250BD54F61830FC0131C330301A8320302603CC2B
S12345C0202018ED00C1202607C62D18E7012005862D18A700B601338B3018A702201FBD98
S12345E054F61830FC0131C330301A8320302603CC202018ED00B601338B3018A702867C45
S123460018A703CC202018ED0418A7068614BDDFDB308FC300078F353918CE9255BDE16296
S123462034343434341830CE10001E001004865E2002867618A700867C18A701865318A7FF
S123464002861ABDDFDBB6006B260A1830CC2D2D18ED002011F60088BD54F61830FC01324C
S1234660C3303018ED00867C18A702CC202018ED038623BDDFDB1830B6018C8B3018A70012
S1234680867C18A701862018A7028613BDDFDBB6004F2709860818CE86DCBDDFDBB6004A5B
S12346A0271A810127108102270618CE86E7201018CE86F0200A18CE86F7200418CE86FE52
S12346C08603BDDFDB313131313139BDDEE2860018CE92A7BDDFDBCE7E64C6043ABD46F761
S12346E039BDDEE2860018CE92D0BDDFDBCE7E64C60A3ABD46F73934343434341830867C80
S123470018A702CC202018ED035FA600847F1E00800E864318A700A6008B3018A701200E35
S1234720865318A700A600847F8B3018A7013717C6033D174C810A25014C8B14BDDFDB08E7
S1234740335CB6025A810B2718B6025A810C270DB60231270412638008C1062006C1032034
S123476002C10326A5313131313139BDDEE2860018CE92F9BDDFDBCE7E64C6103ABD46F7D1
S123478039BDDEE2860A18CE8677BDDFDB130A020B18CE86CA861ABDDFDB2007861AC61D54
S12347A0BDDE80130A0114860618CE86C3BDDFDBB6000A841C810C271D20128606C608BDFC
S12347C0DE80B6000A84388108270B20008600C604BDDE802009860018CE8685BDDFDBB6E8
S12347E000002633B6000C8101270A8102270C8103270E202918CE8690200C18CE869920E2
S12348000618CE86A22000860DBDDFDB18CE867E8611BDDFDB2007860DC610BDDE80391367
S123482009080B860FB7023F18CE86BA200418CE86508614BDDFDB1309040B860FB7023FFC
S123484018CE86BD200418CE86508616BDDFDBB600098403270B860FB7023F18CE86C020E7
S12348600418CE86508618BDDFDB3918CE9322BDE162B60063368601B70063847FC6073D8E
S1234880178005811725014ABD42107C0063B60063847F810726E432B700633918CE937462
S12348A0BDE162B60063368681B700637E487B18CE93C6BDE162B60063368687B70063840A
S12348C07F8006C6073D178005BD42107C0063B60063847F810A26E732B700633918CE9488
S12348E018BDE16239B60251817127238174271F81AC271B18CE80CA18A6008101260818BE
S1234900A601B10251270B1808188C85C226E9C6FF3918081808183C8614C627BDDE801850
S123492038183C5F18085C18A600817C26F654861E101838BDDFDBBD67B65F7F024F390222
S1234940101624091D000000B6005526067F00817F0084B60053260FB60055260A86FFB7F4
S12349600041BD4E68201BCE10001F0A02EFBDDEE2860018CE9064BDDFDB4FBD596EBD7DEB
S123498042393434341830860118A700860018A702B6008218A40026037E4A3ACE493F189A
S12349A0E6023AA60018A701CE00A618E602583AB6007F18A400260818A601BD4A4E207A98
S12349C0B6002E18A400260AB6002D18A4002751200518A601200286FF18E60258183C189D
S12349E0CE029F183A18A7008B0318A701183818E601183C18CE025D183AEC002B0A18383A
S1234A0018A601BD4A702032CC203018ED00CC2E3018ED021838CE4945B6002E18A4002646
S1234A201986FF18E60258183C18CE029F183A18A700183818A601BD4A70186800186C0204
S1234A4018A602810627037E49913131313986FF18E60258183C18CE029F183A18A70018DC
S1234A603818A601183C18CE8DFABDDFDB183839183C183036188F83000A188F1835BD546F
S1234A80CE862E18A702867C18A704862018A70518A70618A70718A708CE0131A600260280
S1234AA086F08B3018A700A6018B3018A701A6028B3018A70318A609BDDFDB1830188FC3CB
S1234AC0000A188F1835183839B6025A810327147F00567F00817F00848603B7025ABDDE6B
S1234AE0E2BD3E3A392010080201047F007D7F007C8601B70053BD4CF4861FB7007F861F1E
S1234B00B700828603B7025ABDDEE218CE875EBDE1628601B7022D3918CE4AE5F600545A15
S1234B20183A18A60018CE017E18A703B600572605CC2D6A2003CC7FFF18ED08BD5CDBBD74
S1234B406754397F007D7F007C8601B70057BD4B7C8155272618CE8802BDE1627E4BF07F82
S1234B60007D7F007C8602B70057BD4B7C8155270A18CE88F8BDE1627E4BF039B6007E8488
S1234B8001270618CE88A6201BCE10001E0A0228BDDEE2B600578101270618CE894A20044E
S1234BA018CE8854BDE1628601B7022DBD670BBD67A4BD4FEE865539CE00A618CE00C6C6D7
S1234BC010BD2799BD4CF4861FB7007F861FB700828616B702AE7F00597F00587F02B37F29
S1234BE0005A8603B7025ABDDEE28601B7022D398601B702AFCC003CFD00A6FD00A8FD005C
S1234C00AEFD00AAFD00ACFD00B0FD00B2FD00B4BD5FFD39BD676B183C18CE4E20BDDE65FC
S1234C201838BD6800CE00A618CE00D6C610BD2799B600578101262FFC00A6F300A804C390
S1234C400028FD00C6FD00C8FC00AAF300AC04C30028FD00CAFD00CCFD00D2FC00AEC300A0
S1234C6028FD00CEFD00D0BDDEE28606B7025ABD3E3A7E4C758602B702AF8601B700547FDF
S1234C8000587F0230BD4CB2BD5FFDBD677139BD676B183C18CE4E20BDDE651838BD67EECC
S1234CA0CE00C618CE00A6C610BD2799BD5FFD7E4FEECC00BEFD00A6FD00A8FD00AEFD002F
S1234CC0AAFD00ACFD00B0FD00B2FD00B4397F007D7F007C8601B700557F00817F0084BDED
S1234CE04CF48603B7025A18CE87B0BDE1628601B7022D39CE10001D008086FFB70189BD13
S1234D007D427F006A7F006B7F006C7F006DB60082B70083863FB70082B6007FB7008086C4
S1234D203FB7007FBD674DBD5EABBD5FFD183C18CE07D0BDDE651838BD674D183C18CE009E
S1234D4032BDDE6518388601C600BD5C90B6007E8401260618CE6917200418CE6922BD5CDE
S1234D60ED39F600545AC1022305C609F0005418CE4E5C183A18A600B4007F26117C00548D
S1234D80B60054810726DB8601B7005420D418A600B70084B60057270618CE4E5C200418F7
S1234DA0CE4E56183A18A600B7008186FFB70041B600572607CE10001E0A0203BD4E68BD43
S1234DC04B187C00547F022FB60054810726058601B7005439B6025A8103271681062603E1
S1234DE07E4F6CB60055260AB60041818526167E51A7B60056260EB60055260ABD4E68B6E8
S1234E000084B7008139BD4E68B60084B70081343434306F006F01B60081A70218CE4E50A5
S1234E20E601183A18A60064022404AA00A7006C01A601810626E518CE017EA60018A70325
S1234E40CC2D6F18ED08BD5CDBBD6754313131392008040210010310030C200C01100204FD
S1234E602008000E1422071B343434343430B6025A8103270B81052707810627037E4F660C
S1234E80B6004181FF274EB6022C2607B6022D2602200E7F022C7F022D3CBDDEE2BD49823A
S1234EA038B60055260618CE4E56200418CE4E5CF60041C47F183A180918A600A700B60039
S1234EC084A800B100822607863FB700842006B40082B70084B60084A701B60082A7046F77
S1234EE002CE10001F0A021130B60055270BBDDEE2BD49828601B7022D3018CE4E62E60205
S1234F00183A18A600A703640124322500B6008481332616A6022612860118CE8650BDDF0A
S1234F20DB860F18CE8650BDDFDB18CE8FECB6007E840381032617C61E183A201118CE9010
S1234F4028B6007E840381032604C61E183A6404240C8605E6023D183AA603BDDFDB6C025E
S1234F60A60281062693313131313139B60041847F81052735B6008236F60041C47F5A18E1
S1234F80CE4E56183A18E600F10081260586FFB700417F00817F0084861FB70082BD4E68DD
S1234FA032B70082B60084B7008139863FB700817F00567F01ABB60057261CB6025A8106F2
S1234FC02603BD44698601B7025A7F022C7F022D7F022EBD3E3A39BD674DBD67A4CE00C65B
S1234FE018CE00A6C610BD2799BD5FFD200018CE017E4F18A703CC7FFF18ED08BD5CDB864E
S12350003FB70081B60083B70082B60080B7007F7F00557F00537F00577F02AF7F004312B7
S12350206380078601C604BD5C901D39807F006A7F006B7F006C7F006DBD39AFBD397B7F73
S1235040022C7F00037F0004B6005826088601B7025ABD3E3ABD6771BD675439B6025A8135
S12350600826037E51B9810626037E51DF810426037E523C81032654B60081274F7F0046EB
S12350807F0043B600532643B60055263EB600812739843CF60048C18D2724F60081C41CE4
S12350A0C11C275FF6007F53C4102635F6007F53C40C263EB4007FB8007FB7007F2006BA16
S12350C0007FB7007FBD398F7E498239B60048818B2708818E2704868F20028690B7004356
S12350E039F60081C40C27CCF6007FCA10F7007F20C2F60081C41027BBF6007FCA0CF70023
S12351007F20B1F6007FC423CA0CF7007F843320A3B6005626118605B7025ABDDEE2BD3EC0
S12351203A86FFB70056398689B700437F004439F60041C47FC10527225A18CE4E56183AA2
S123514018A60016F40086260C16F4007F270CB80085B70085BD397B7E434D39B6005626AC
S1235160118605B7025ABDDEE2BD3E3A86FFB7005639868AB700437F004439F60041C47F7F
S1235180C10527225A18CE4E56183A18A60016F4007F2712B80086B70086BA0085B7008550
S12351A0BD397B7E434D39B6025A810827308608B7025A7F00567E3E3A7F00467F0043B698
S12351C00087F60048C18E2709810927117C008720064D27097A0087BD397B7E44C639B636
S12351E0008126037E50CC7F00467F0043B60081272DB60048818D27078D25186A002005C2
S12352008D1E186C0018A600816426048663200681FF2602860018A700BD43F47E397B3933
S1235220B6008181032604C600200A810C2604C6012002C60218CE0192183A397F00467FE5
S12352400043B6007E8401270AB6007E8804B7007E2034B6007EF60048C18E27158B04B791
S1235260007E840C810C261FB6007E8403B7007E20158004B7007E840C810C260AB6007EEB
S123528084038A08B7007EB6007E840C2705863FB7007FB6007EC600BD27E6BD397B7E42DC
S12352A0C9B6025A8101262DB6006F271CCE10001E008015CE10001E0A200E861018CE8D04
S12352C0E5BDDFDB8D1B7E5AE18610C613BDDE808D0F7E5AE18D0AB6025A810326127E4902
S12352E082B60064B70068BD634EBD6325BD5FFD39B6025A81012626B60069261ABD3D624F
S123530018A6002712CE01071F05400B862018CE8DEEBDDFDB20078620C620BDDE8039B612
S1235320025A8101263CB6007C26048D2E200618CE8DF7201FB6007E8401260BB6007D27FF
S12353401A18CE8DF1200DB6007E8402270D18CE8DF42000861FBDDFDB2007861FC61FBD9F
S1235360DE8039B6025A81012639F6006317C47F5A8480270618CE01A2200418CE019C1819
S12353803A18A600F60048C18727074A2C0A863620064C813726014F18A700861ABD421013
S12353A0BD67B639B6004881D1271381D22707CE10001F001008CE10001D00102006CE10A7
S12353C0001C0010B6025A81092603BD462039B6004881B4272D81B8271FB6025A810927B3
S12353E013B60231260E8601B7022CB70231BDDEE27E4619B6004F270AC61ABD2B247F0028
S12354004F200AC619BD2B248601B7004FB6004FC61ABD27E68601B7022CB702317E4619B5
S1235420C618BD2B24B600118880B70011BD3055B600114AB7001084802708B600108B0346
S1235440B70010BD62637F0044868EB70043C64BF7004639B6025A81092713B60231260EB4
S12354608601B7022CB70231BDDEE27E46197C004AB6004A810426037F004ABD4619860198
S1235480B7022CB70231BD397B39B6004881C6270C81C9270C81CA270C81CC270C860020F6
S12354A00A86012006860220028603B7004A20B0BD63B1C1112216C1002712F7025A7F0284
S12354C02C7F022D7F022EBDDEE27E3E3A39EC0086053DBD54E1B6013181F026037F0131BA
S12354E039CE0064028FF701318FCE000A02F701338FF70132394FCE0064028F5D2608C69A
S1235500F0F701315F2003F701318FCE000A028FF701328FF7013339FC00A61AB300A82572
S123552003FC00A8FD012D3918CE6965BD5CED18CE0146BD55D518CE00A6BD55FEB7003902
S123554018CE014ABD55D518CE00AEBD55FEB7003A18CE014EBD55D518CE00A8BD55FEB729
S1235560003B18CE015EBD55D518CE00B0BD55FEB7003C18CE015ABD55D518CE00B0BD5557
S1235580FEB7003D18CE0152BD55D518CE00AABD55FEB7003EB6007E8401260CB6007D261C
S12355A0078601B7003F201118CE0162BD55D518CE00B2BD55FEB7003F18CE0156BD55D540
S12355C018CE00ACBD55FEB70040CE100018CE6990BD5CED39C6040C1869021869011869D6
S12355E0005A26F3CE001018EC001A837FFF270B080C098C000127030524F78F17398101B0
S123560027131207800F3618EC00CE000C028F32102E02860139308F8300518F35C65186D9
S123562020183018A70018085A26F8867CA728B6022A2717C61418CE8E17183A18A6001829
S123564030183A18A7005CC12826EBB60039C6028D0AB6003BC60C8D037E58C681112302BB
S123566086118B308130277B813823388008183018081808183A18A70018A70118A70218B3
S1235680A70318A70418A70537C629183A863D18A70018A70118A70218A70318A70418A716
S12356A00533863836B6022A32263881392600CB14183018081808183A18A70018A7011818
S12356C0A70218A70318A70418A705C629183A863D18A70018A70118A70218A70318A7040B
S12356E018A70539308F8300518F35C6518620183018A70018085A26F8867CA728B6022A43
S12357002717C61418CE8DEF183A18A6001830183A18A7005CC12826EBB60039C6018D26E3
S1235720B6003AC6048D1FB6003BC6078D18B6003EC60B8D11B6003DC60E8D0AB60040C61F
S1235740118D037E58C68111230286118B308130274B813823208008183018081808183A7E
S123576018A70018A70137C629183A863D18A70018A70133863836B6022A3226208139268B
S123578000CB14183018081808183A18A70018A701C629183A863D18A70018A70139308F52
S12357A08300518F35C6518620183018A70018085A26F8867CA728B6022A2717C61418CE40
S12357C08E03183A18A6001830183A18A7005CC12826EBB60039C6008D48B6003AC6038DA5
S12357E041B6003BC6068D3AB6007E840C81042712B6003CC609BD587AB6003DC60ABD5836
S12358007A2007B6003DC6098D18B6003EC60C8D11B6003FC60F8D0AB60040C6128D037EDB
S123582058C68111230286108B308130274B813823208008183018081808183A18A70018E6
S1235840A70137C629183A863D18A70018A70133863836B6022A32262081392600CB14188A
S12358603018081808183A18A70018A701C629183A863D18A70018A70139811123028610DA
S12358808B308130273F8138231A8008183018081808183A18A70037C629183A863D18A721
S12358A00033863836B6022A32261A81392600CB14183018081808183A18A700C629183AD0
S12358C0863D18A70039130301301830862018A70718A70C18A73018A73118A73218A73381
S12358E018A73418A735864D18A708867518A709867418A70A866518A70B18304FBDDFDBDA
S1235900308FC300518F3539308F8300518F35C6518620183018A70018085A26F818308632
S12359207C18A728CC787818ED1418ED1718ED1A18ED1D18ED2018ED2318ED26862018A7F1
S12359401618A71918A71C18A71F18A72218A7251303010CCC4D7518ED08CC746518ED0A65
S123596018304FBDDFDB308FC300518F3539308F8300088F354C4C813C2302863CA700A6AE
S1235980008614A701A600271B8101271D8102271FA60118CE86D3BDDFDB6C016A006A00AC
S12359A06A0020E118CE8650200A18CE86D6200418CE86D9A601BDDFDBA6014C8128240504
S12359C0C628BDDE80FC0137C33030ED03867CA705CC2020ED061830C603183A860DBDDF34
S12359E0DBB601398B30A703867CA7048620A7051830C603183A8610BDDFDB308FC300087A
S1235A008F3539308F8300118F35BD5518CE012DBD54CEB60053BB00552707CE10001E0A1C
S1235A20021DB60231261818CE025D18EC071A836465270B1A8320642705B6022C2606BD1A
S1235A40DEE27F0231308641A7008642A7018643A7058644A7068620A70C867CA702A70724
S1235A60A70BFC01312607B6013326022009860518CE865BBDDFDB860E18CE8653BDDFDB47
S1235A80860B18CE8658BDDFDBF60133CB30E70A860CC60A1830183ABDDFDBF601318607F8
S1235AA0BD5AB8F601328609BD5AB88601B7022C308FC300118F3539CB30E703E704E708D1
S1235AC0E709C6001830183A1808180836BDDFDB328B14C6051830183A18081808BDDFDB98
S1235AE039308F8300058F35BD5518CE012DBD54CE30FC0131260618CE8650200418CE8683
S1235B005E8622BDDFDB18CE86538626BDDFDBFC0131C33030813026028620A700E701863D
S1235B207CA7028620A703A70418308623BDDFDB18CE029FB6002E270C862218A70086242A
S1235B4018A701200886FF18A70018A701BDDF66308FC300058F3539CE10008603B701951B
S1235B608620B7019618CE79C32011CE10008603B701958620B7019618CE79B0CE10001D28
S1235B802440BD5E0F183C18CE00C8BDDE6518388602C600B70197F7019818CE0195BD5E5D
S1235BA00F398600B70069150E88BD625A398601B70069150E80140E08BD625A398602B731
S1235BC00069140E88BD625A398603B70069150E80140E08BD625A3936183C343430860824
S1235BE0A700A701150D02BD625101150D04BD62510118CE00241869002405140D0120032D
S1235C00150D01BD62510101010101140D02BD62510101150D02BD62516A0026D9186900D5
S1235C2018088608A7006A0126CC01010101010101010101140D04BD6251313118383239F2
S1235C4034343430ED018610A700140E04BD625A150E02BD625A690269012405140E0120CB
S1235C6003150E01BD625A010101140E02BD625A010101150E02BD625A6A0026D9150E04AF
S1235C80BD625A010101140E04BD625A31313139CE1000B70197F7019818CE0195CE100002
S1235CA01D2440BD5E0FCE10001C244039CE1000B7019B8602B701998620B7019A18CE01B5
S1235CC099CE10001D2440BD5E0F18CE79D9BD5E0FB6013CCE10001C2440393CCE10001D7B
S1235CE02440BD5DF3CE10001C244038393CCE10001D2440BD5E01CE10001C244038393C9E
S1235D00CE10001D2440BD5E1DCE10001C24403839CE10001D0002183C18CE0032BDDE65B0
S1235D2018381C0002183C18CE0708BDDE65183818CE684BBD5CDB183C18CE00C8BDDE65C9
S1235D40183818CE685DBD5CDB183C18CE000ABDDE65183818CE6865BD5CDB183C18CE00DB
S1235D60C8BDDE651838BD5DCE18CE68BDBD5CDB18CE6854BD5CED183C18CE00C8BDDE6576
S1235D80183818CE6861BD5CED183C18CE000ABDDE65183818CE6870BD5CED183C18CE0068
S1235DA0C8BDDE65183818CE69E3BD5CED18CE68BDBD5CED18CE6917BD5CED183C18CE03D5
S1235DC0E8BDDE65183818CE79E0BD5CFF3918CE69BBBD5CDB18CE013B18EC0A1A83380DE7
S1235DE0261018EC0C1A830203260718CE69C9BD5CDB39CE10001D28081C28041D02022091
S1235E0028CE10001D28081C28041D0204201ACE10001C28081C28041D0201200CCE1000EA
S1235E201C28081D28041D0208CE1000CC013BFD004B144DFF18E600C12B23037F004D1820
S1235E40085D270918A600BD5E675A20F2CE10001E02060C4FBD5E674FBD5E674FBD5E677A
S1235E60CE10001C020F3937A72A1F2980FCA62A134DFF11183C18FE004B18A70018081822
S1235E80FF004B1838183C18CE0005BDDE6518383339CC0458BD5C40CC0682BD5C40397F83
S1235EA0002C7F002E7F002D7F012F7F0089CC0000FD0094FD008AFD008EFD008CFD00921B
S1235EC0FD0090BD6325393F010204081020030C7F022FB600814D2602863FB70032B60264
S1235EE05A81032713B6002D84032609CCFFFFFD002FBD5F6E7E5F23B6008127E8B4002D46
S1235F0026F320E87F022FB600814D2602863FB70032B4002C2609CC0001FD002FBD5F6EC0
S1235F207E5F23B6025A81032617B60055261EB6022D2610B60053260CB6008127037E49BD
S1235F40827E5A0339CE10001F0A02ED3918CE025D18EC041A83537427EACE10001F0A02AD
S1235F60D8B6022D27DE8601B7022D7E5F398601B7003118CE00A6B60032B40031270918C8
S1235F80EC00F3002F18ED0018081808780031188C00B02FE2BD5FFD398601B7003118CEF5
S1235FA000A6B60081B400312706FC003318ED0018081808780031188C00B023E5BD5FFD5C
S1235FC039FC00A6FD0037FC00A81AB300372E03FD0037FC0037FD0037FC0033B30037FD24
S1235FE0003718CE00A618EC00F3003718ED0018081808188C00B023EDBD5FFD3918CE00CB
S123600096BD601D18CE009ABD601D18CE009EBD601D18CE00A2BD601DBD604239B60069BB
S1236020270D18EC1018ED0018EC1218ED023918EC1018E32018ED0018EC1218E32218ED4D
S123604002397F002C7F002E7F002D8601B700528601B7003118CE009618EC00BD60AB189E
S1236060EC101A8300002F111A8300B32F14B6002CBA0031B7002C2009B6002DBA0031B752
S1236080002D18EC001A8300002C09B6002EBA0031B7002E180818087800317C0052188CEA
S12360A000A02FB5BD60E4BD5BD839183C1A8300002C03CC00001A8300BE2F03CC00BE43E8
S12360C05383FF3F17F6005218CE60DD183A18E60018CE0024183A18A70018383900010031
S12360E003020706B6006926037E61BA18CE002418A60118A100240318A60018A70118A7C3
S123610000B600698101270B81022727810327497E625018CE002418A60018A70118A7026A
S123612018A70318A70618A7074F18A70418A7057E625018CE002418A60018A70418A601BE
S123614018A7054F18A70018A70118A70218A70318A70618A7077E6250B6007E8401272962
S1236160B6007E84038101273F18CE002418A60018A70118A70218A70318A70618A7074F93
S123618018A70418A7057E625018CE002418A60018A70118A70218A70318A70618A7071896
S12361A0A70418A7057E625018CE0024C6084F18A70018085A26F87E625018CE0024C608B6
S12361C018A6008B0C18A70018085A26F3B6007E84012709B6007E84022745206818CE0097
S12361E02418A60618A70518E6034F18EB0289000418E704B6007C2657B6007D2611186F6A
S123620004B6007E840C81042646186F052041B6007E840C8104263818A60418A705203057
S123622018CE002418A60318A70518A60418A70318A6021618A60418A7021718A70486FF8F
S1236240B7007D200B18CE00244F18A70418A7053936B6000DB71840323936B6000EB71886
S123626048323936B60010B71868323936B60012B71868323936B60013B71870323936B694
S12362800014B71878323936B60015B71808323936B60016B718003239BD63C7FC0035C1DC
S12362A06326037E63CFC16226037E640EC16126037E6450C16026037E66C5C15F26037E2B
S12362C06493C15E26037E6525C15D26037E667DC15C2608860DB7025A7E4781C15B26034F
S12362E07E66B27E66D8183C18CE6957BD5CED4FF60147BD631EFD00924FF60148BD631E22
S12363001A8300212603CC0015FD0090BD634EBD6389BD6371BD639ABD632518383986036B
S12363203D04040439CC0000B30094B3008AB3008CFD00BEFD00BAFD00BC3637B30092FD6E
S123634000C03332B30090FD00B6FD00B839B6006A2717B60068810127108103270CCE1066
S1236360001F0A4005CC000C2003CC0000FD008A39B6006A270CB6006881012605CC000A30
S12363802003CC0000FD008C39B600892605CC00082003CC0000FD008E39B6006B270139D5
S12363A0CC0000FD0094394FF60041C47FFD003539FC0035860A3DFD0035F60041C47F4F16
S12363C0F30035FD003539BD63B105FD0033398601B701ABBD676B18CE899CBDE16218CE7D
S12363E0687B1308FF0418CE6886BD5CDB18CE690CBD5CED183C18CE00C8BDDE651838BD60
S12364005EABBD5FFDBD677186FFB7018939BDDEE2CE1000860CA72D1F2E80FC867FA72F5D
S123642018CE0000180827171F2E20F8A62F817F260D4F18CE946ABDDFDBBDC325200B4FDE
S123644018CE9493BDDFDBBDC3258601B7022C39BDDEE286F2B702AC183C18CE2710BDDE04
S12364606518388601B702527F0253BDE29EB602538108250D4F18CE94BBBDDFDB7F02522C
S1236480200B4F18CE94E4BDDFDB7F02528601B7022C398601B701AB18CE9655BDE1623046
S12364A08F8300118F3518CE800018EC04ED0018EC06ED02867CA704CC2020ED05ED0718E6
S12364C0308604BDDFDBB60007BD666EA700B60007BD6672A701862DA70218CE100018A688
S12364E03C884044BD666EA703867CA704CC2020ED05ED0718308618BDDFDB18CE68EFBD1F
S12365005CDBBD65C61830860CBDDFDB18CE68EFBD5CEDBD65C618308620BDDFDB308FC3F5
S123652000118F35398601B701AB18CE96A7BDE162308F8300118F3518CE692DBD5CDBBDF8
S1236540661A1830860CBDDFDB18CE693BBD5CEDBD661A18308620BDDFDB18CE04004F5F9C
S123656018EB0089001808188C0FFF2FF318CE200018EB0089001808188C7DFF2FF318CEBD
S1236580800018EB0089001808188CFFFF2FF330ED0CBD666EA700EC0CBD6672A701EC0C79
S12365A017BD666EA70217BD6672A703867CA704CC2020ED05ED0718308603BDDFDB308F8A
S12365C0C300118F353918CE013B18A603BD666EA70018A603BD6672A70118A604BD666E7A
S12365E0A70218A604BD6672A70318A605BD666EA70418A605BD6672A70518A606BD666E95
S1236600A70618A606BD6672A707867CA708CC2020ED09ED0BED0DED0F3918CE014518A6FE
S123662000BD666EA70018A600BD6672A70118A601BD666EA70218A601BD6672A70318A66E
S123664002BD666EA70418A602BD6672A70518A603BD666EA70618A603BD6672A707867CF2
S1236660A708CC2020ED09ED0BED0DED0F3944444444840F8B3081392F028B0739B6000E66
S1236680848FF6000FC4701BB7000EBD625A8601B701AB18CE950DBDE162183C18CE27106E
S12366A0BDDE6518388601B701AB18CE955FBDE1623918CE8A40BDE162B6000E848FB7004B
S12366C00EBD625A3918CE89EEBDE162B6000E8A70B7000EBD625A39B6025A8103260AB6E8
S12366E000812705BD5F992003BD5FC17E5F23B6004881D4270881D827201203011C8680DA
S1236700F6029E3D5CF700037F0004BD674D183C18CE0320BDDE651838397F00037F00046D
S1236720B6025A81012622B6022C261DB6022E2618B601AB2613B6006927084A8403BD4176
S1236740B32006B60005BD4164BD675439150D20BD6251391263800CB6006A2707B6000A94
S123676084022606140D20BD62513918CE68BD200418CE68C0183C18CE03E8BDDE651838C7
S1236780183CBD5CDB1838BD5CED39150D88BD625139150D80BD625139140D88BD6251392E
S12367A0BD0400398614BD67C54A26FA39860FBD67DF4A26FA39183C3618CE0003866CB75E
S12367C0004E7E682C183C36183C18CE00C8BDDE65183818CE00328664B7004E7E682C1848
S12367E03C3618CE00208640B7004E7E682CBD6800183C18CE08FCBDDE651838BD6800392F
S1236800183C368664B7004E18CE00C87E682C183C368664B7004E18CE03847E682C183CEF
S1236820368664B7004E18CE07D020000FB6004ECE10001C00404A26FD1D0040B6004E4AED
S123684026FD180926E60E32183839089820000004073E0008982000000407400003992348
S123686000039923000A82C000090000010109000A82C000890000010101000A8400080087
S12368800000007FFF000A860000000000007FFF000A86000F000000007FFF000A85A00F0D
S12368A0000000027FFF000A87200F000000007FFF000A83007F000000002D6F89028B0058
S12368C0028900028A00028C00118E00000000000000000000000000000000000000000070
S12368E0000000000000000000000000000000068100000000000A8600005000000000002D
S1236900000A860600000000000000000A860400000080000000000A860000500080000069
S123692000000A860000500040000000000D940D00000000000100000000000D940D03EEE5
S12369400000000100000000000D94001E000000000100000000000D940002880000000146
S123696000000000002A9400028000000008000000000000000000000000000000000000CB
S1236980000000000000000000000000000000002A930002800000000800000000000000AC
S12369A00000000000000000000000000000000000000000000000000000000D940D020122
S12369C00000000100000000001990000D02000000000000000000FFFFFFFFFFFFFFFFFF03
S12369E0FFFFFF1990000D00000000000000000000FFFFFFFFFFFFFFFFFFFFFFFF90000D4F
S1236A00000000000003000000013ADD00400000000000000000000D000400000003000003
S1236A2000013ADE00040000000000000000000D000800000003000000013ADD0048303D50
S1236A4003E4304D03E5000D000C00000003000000013ADE000C0000000000000000000D98
S1236A60001000000003000000013ADE00100000000000000000000D0014000000030000B2
S1236A80000136D00FF830300FC730400FC8000D001800000003000000013ADD006F381D63
S1236AA000EC30100FFF000D001C00000003000000013ADE001C0000000000000000000D2A
S1236AC0002000000003000000013ADE185030000E0030000600000D002400000003000066
S1236AE000013ADE00240000000000000000000D002800000003000000013ADE00280000DC
S1236B00000000000000000D002C00000003000000013ADD00E6303D002F0003EE32000D6B
S1236B2000400000039B000000010000B36C380D03A132100FF6380D015C32100FF736DE25
S1236B400042380D006432100FF50003EAC10000D80A3C6D037D0003F02B0000C80A000057
S1236B60D84A3C6D03CB000000000000C84A303D03E40003F02B0003F02D3B800001304D9B
S1236B8003E53000176B340017913000176C3160176D3400175A30001770340D03EA0043E6
S1236BA0D0013C6D0099380000003000176F3ADD0096380040003000176E34100FFA004861
S1236BC000003C1D00862C700001000000003C6E17D500000000000000003ADD0018381D1B
S1236BE0009F301007FAB2480000301D03F4301D03EA34200FE10000B102302D03F730209B
S1236C000FE134100FE02C40C0002E7FFFF4325D03F52E7FFFFD325D03F634100FE02C402A
S1236C2003FF2C4000072C7000023C3E17D5B0000000B24800003ADE17D5300D03F5301DA7
S1236C4003F634201754005000003C1D008E342017552CB000023C1D014900000000000000
S1236C600000342006C2005000003C6E18F00000B42C0000B46C3ADD00563020178A340060
S1236C8017503ADE1B003AFD00990003EBC1340D03EA0043D0013C1E18B2301D03EA000037
S1236CA000003ADD0149322D03E0321D03E1320D03E2302D03E33420175D005000003C6DD2
S1236CC000A90000000034201761129000003020176234201779340017722C81FFF02CC0A7
S1236CE0000F1880000030001772342D03F53020175D342D03F6302017A2342D03F7302005
S1236D00178D342D03F6005000003C6D00BF342D03F5005000003C1D00D6000000000000E1
S1236D2000003ADD00C4342007F53800000C1613D100181000003C1D00C9342007F42C80A1
S1236D4000072CB000023C4D00D600000000382000003020175D340D03F4004000003C6DAE
S1236D6000D238000001000000003820000230201754321D03F43ADD00DF3020175D30209F
S1236D8017A2342D03F4005000003C1D00DD38000001000000003820000230201754B490C6
S1236DA00000302D03F4342D03E3360D03E2361D03E1362D03E00003F02D0000000000006F
S1236DC0000038300C010003F02B303006F70003F02D3B800001343D002F2CFF87203C6DC8
S1236DE000F3343006F712DBF02C3ADE163D383D00FD30300FFF303006F7343006DA2ECF49
S1236E00FFFF3C3E163D00000000303006DA33800FFD36D006D838300000338006DA2CF4A5
S1236E20E1F03C1E163C0003F02C383D01043ADE163D383D00EC30300FFF0000C02C2EFFE5
S1236E40FFFC30300FFE344006D32D3000013C6D010F2CC0000F0003F02C2CF000013C1DD2
S1236E6001160000000038300C00303006DA38300FFF303007FB3ADE163D383D00EC30303F
S1236E800FFF3ADE163C00000000383D01190000C02C2EFFFFF82CC007FF3C1D013C2EC061
S1236EA0000130300FC9303007FB34300FFE2EFFFFF3344006C12F3FFFFB005BE1413C6DDA
S1236EC0012A051BD04534400FC630400FFD384000003C1D01310CE800001963F0053040B1
S1236EE00FC63ADE163C0003F02C383D0137338006F70003F02C38300C003ADE163C303076
S1236F0006DA383D014034300FC92ECFFFFF30300FC93C3D00F3343006DA14DBF02C3ADE95
S1236F20163D383D00EC30300FFF0063D03734400FC9152000003C6E163930400FC90003FC
S1236F40F02C3ADE1639384D00EC30400FFF384E3AE53040175E388E3B2D3A80000B3AAD57
S1236F6001503890177C0003F0800003E84A3440177D2F000001304006B82F0000013040B3
S1236F8006B93440177E304006B73440177F3ADD0020304006B6B00000003B8000003420CC
S1236FA00FFA2CB000023C5D016E0053D0833800000030300FFA300007F4300007F5049BA1
S1236FC0D0783C1D016B33800F0F300005DC382FFFFF302D03F30003F02D3A100740321013
S1236FE007F13C6D01733B800001342D03F3005000003C1D027B382E15EC000260840002F0
S12370006E0900026E07382D0352302006CCB4900000302D03F2389007F0391000003820AC
S123702000060003E08A382027000003E08AB49000003E0000050003E08A302D03F3302056
S123704006FA30200FEC302006E1302005DC302006EA34200FE22EA000043020175B34200C
S12370600FE32EA000043020175C34000FE4321006C134000FE52C10000F3000177B3420CC
S12370800FC52C8000062EBFFFFF388E2CCF0003C09833800F0F00036002302005D63A10B4
S12370A0000032100FFA321005C332100600321006F93A1E27CD32100F1132100F1232109B
S12370C007FA321007F9380000303210178A34200FC52C8000012EB0000034300FC52CC047
S12370E000182EFFFFFE18D00000388E3B490003C0983ADD01B5000360020003CD822C808D
S123710000032EB0000E3020177A34000FE13210178D34200FC52C8000072EB00000388E12
S12371203B490003C098000000000003600234000FE02C00C0002E3FFFF23210175D3400B0
S12371400FE02C000C002E3FFFF632100FED34000FE02C0000FF2E3000002C110000321039
S1237160177934200FE02C80000F2CB000023C3D01D500000000382000003020175D3420E0
S1237180175D005000003C6D01DD00000000B490000034200FE02C8003002EBFFFF8302036
S12371A005D7383E3E64388E3E403080175E0003F1043040175230400F080003C0C83890C3
S12371C0177C3E00000B000650083440177D2F000001304006B82F000001304006B9344038
S12371E0177E304006B73440177F304006B6B0000000300005EF300006B0300006B13ADDDB
S123720002E63AFD01F80003EBC13ADE1ABF3AFD01FB0003EBC1389E3E583C1D0210388E33
S12372203E40398E3E52388E3E3A398E3E46389E3E4C3A8000033AAD0206388006BA000761
S1237240520C00045004344006B5304006BB30401782344006B4304006BD304006BE304006
S12372601783388E3E3A389006BA31801785309017863080175E3480175E3890175E3E0037
S12372800006000650083800000B3210176A380E3E6F3210176B380E3B213210176C380E1C
S12372A03B273210176D380000003210176E3400178532101770340017863210177134003B
S12372C0177B321017743800175E3210176F380000103210177334001779321017723820DB
S12372E00240302006F7302005DB3800000A321017D338000000321017D73800175E321006
S123730017D43800175E321017D834001785321017D534001785321017D93400178632108D
S123732017D634001786321017DA38000010321017DC3800000A32101DA038000000321020
S12373401DA43800175E32101DA13800175E32101DA53400178532101DA234001785321027
S12373601DA63400178632101DA33400178632101DA73800001032101DA93420175D005034
S123738000003C6D025E00000000340017792C0FFFF82C1000023ADD02690000000000002A
S12373A000003410178B3420178C185000003C1D02690003C8422C8000072CB000053C4D96
S12373C0026900000000000000002C0FFFFD321017DB2C0FFFBF32101DA8B490000030203F
S12373E00FFA3800000032100F153801111132100F183ADE27B93AFD02750003EBC1342075
S12374000FFA005000003C1D027B00000000308005C20003F02D342007F10000C1823020C3
S123742007F136D00F113AFD02810003EBC134200FFC005000003C1D028700000000B493E9
S1237440E1413420177B345005D72D6000033C6D028D0003F005000000002EAFFFFF3020D5
S12374600F0C30200F0D3ADE28EB3AFD02920003EBC134200F0A005000003C6D02D00000A4
S1237480000038200001302006E13820000030200F0A34200FED005000003C1D02A70003F2
S12374A0C0842CB000013C1D02A70003C084342006FA2CB000013C6D02A700000000384063
S12374C000000003C08430400FEE344006B0304006B2344006B1304006B3B9200000304005
S12374E006B0304006B13ADE2D473AFD02B20003EBC1380000013ADD02E63AFD02B600035B
S1237500EBC13ADE1ACE3AFD02B90003EBC1344006B5304006BB30401782344006B4304013
S123752006BD304006BE304017833ADE2D563AFD02C30003EBC138400400304005ED3040B2
S123754005EE34400FEB2F30000C342017792C81CFFF18A000003040177930401772000348
S1237560F32D3AFD02D00003EBC134200F0A005000003C6D02D800000000342007F10003A0
S1237580F02D2C81FF00302007F1308005C20000B382302007F1B4900000302007F4302003
S12375A007F5338006E0302006E13ADD031E3AFD02E30003EBC10003F02D382FFFFF302D16
S12375C003F30043DC813C6D02EC34000FEB388E3B5134000FC50C40000038100003164302
S12375E0D7C13420175D005000003C1D02F4000000003810000F3810001F0003C858342053
S1237600178D168BD78423080000000360044843D1810A43DEC10C53D1C11653D14122508D
S12376200000450BD1820A880000301006B13410175D004800003C6D03080000000038200E
S123764000802E3000012E8000800003C00120800000228800002C0FFFFE321006B4301097
S1237660178BB2900000302006B0341006B1382000800003C04020880000228000003010BC
S123768006B53000178CB0900000302006B13400178B3420178C0003F02D390000001808CB
S12376A0000038A0040030A005ED3A8000103AAD034E0000000038B00F023920010034504F
S12376C005D22F4FFFFF3C2D032B3860001000000000AD680000305005D2345005D33460B8
S12376E005D4306005D3305005D434A005ED38C0050039C00002394000403ADE251B3AFDE6
S123770003370003EBC134A005ED38B00F030000601038C0050139C0000239400040392041
S123772001003ADE251B3AFD03410003EBC139A0001F000000000000801030A005ED39201F
S12377400000345005ED2D7004003C6D034E00000000000000003ADE2CD33AFD034E000372
S1237760EBC1000000000003F02D0000000000000000305D03EE345D03F2006800003C6D24
S1237780037738500001305D03F2303D03F00000D9613C1D0374304D03EF302D03F1000036
S12377A0C8E43847FFFF3B8000013E00001900000000006000003C3D03602F0FFFFF000011
S12377C000000000B8E43847FFFF0003C3C20003C083049800003C6D0374000000000060A2
S12377E000003C1D035D0003CAC30000D3C33C1D036A2F0FFFFF0003C3C3342D03F1343D55
S123780003F0344D03EFBB680000305D03F20003F02B0003F02D3B800001345D03EE30BDF0
S123782003EB3C2D039631BD03ED313D03EC0003CB8B393000000003CB8306D800002EC03A
S12378400FB03C4D039338400020231800000003F684005800003C1D0393000000002D3E44
S123786015EF3C6D0389000000002ECFFFFF383E15F20003E0DB35BD03ED353D03EC34BD61
S123788003EB38300001000260C70003F0030003E0C12CC020002EFFFFF3344D03E5000333
S12378A0F02B0003F02D0003C0F8343D03E434200FFA005000003C1D03AF34000FC5321D67
S12378C003E634000FE20000C12132100FE23820000100026088382E234A0002608538202C
S12378E00002000260893ADE1E47380D03B2321007FA343017572CF000013C6D03C5342029
S12379000FC5343D03E6049800003C1D03BF2C80C0002EBFFFFE0003F0033ADD03C83830E8
S1237920000130300FFA343017792CC10FFF189800003ADD03C830301779303017723ADE67
S12379401E343AFD03C80003EBC10003F02D00000000000000000003F0030003F004384E8D
S123796023540003E1010003E0C138300001000260C80003F0030003E0C12CC020002EFF9D
S1237980FFF3344D03E50003F02B0003F02D0003C0F8343D03E4000D00000000000000002A
S12379A00000FFFFFFFFFFFFFFFFFFFFFFFF000012208104003F7F7F7F7F7F7F004000009F
S12379C0E4E44012208100000000000000000000000000E4E4470220000221000320010070
S11379E00FBB0059CC049FDD059FEE0000FFFFFF95
S12379F0183C343418304FF6013405050518ED00FC013518A300FD013524037A0134CE100D
S1237A10001F3080FC1D3080E6324F050505F30135FD0135240A7C0134280586FFB701346B
S1237A3031311838393C183C1830188F830009188F18354F5D26015C18ED0117C6085AC113
S1237A500027034824F818E7004F05050505050518ED074F18E6000D495A2CFC164F18ED7D
S1237A700318EC0118A30305050505050518ED05260518EC07201618EC0118E3038F18EC02
S1237A9005028F18ED050518E30518E307C302101A8303E72303CC03E71830188FC3000938
S1237AB0188F1835183838393CCE0064028FF701378FCE000A02F701398FF7013838390005
S1237AD00802060418CE7ACFF60054C1012602C6065A5A183A18E60018CE00A6183A18EC69
S1237AF0002C037E4FD7B60134B002AE4D2B1BBD7B6B4D2631BD7B7418EC00F302BA1A837E
S1237B1000B3242118ED007E7B2F40BD7B6B4D2615BD7B7418EC00B302BA2DC718ED00BDEC
S1237B305FFDBD4982397C0059B600598103232A8601B700587F0059B6005481022608FC3A
S1237B5000A6FD00A8200D8105260FFC00ACFD00AAFD00B2BD5FFDBD498239810223024F0F
S1237B703986FF39CC0001FD02BA390008020604BD4CB2F600545A18CE7B7B183A18E6009C
S1237B9018CE00A6183AC1002709C102270518EC30200618EC3083000F18ED00BD5FFDBD18
S1237BB06754183C18CE07D0BDDE651838CE10001D2440B6005A2704868020028600B70195
S1237BD02718CE0122BD5E01183C18CE0094BDDE6518387F02B0CC0000FD02B1CE1000ECB0
S1237BF00EFD02B1CE10001F3080FC1D3080E632F102B02307F702B0C1432410CE1000ECAD
S1237C100EB302B11A83E31B23DA201ECE1000EC0EB302B11D0040C60E3D0404040404F74F
S1237C3002B4F102B32734F702B37C00597F0058B6005981082511B6005A260D7C005A7FBB
S1237C5000597F02B37F02B639B602B627FA8601B700587F00597F02B3203F7F00597F022A
S1237C70B37C005AB6005A81022407B602B4B702B6398601B70058B602B4F602B627181195
S1237C902B0A1081032310F702B4200E104081032205F702B420034F20028601BD7D24B622
S1237CB00054810127388102271E8103272081042710B60193BB02B444B702B418CE019346
S1237CD0202018CE0193201A18CE01942014B60192BB02B444B702B418CE0192200418CEFF
S1237CF00192B602B481632302866318A700BD43F4CE7E64C6133A5F18CE0192183A18A621
S1237D1000BD25D95C0808C10326ED7F005A390004010302F600545A18CE7D1F183A18E6BF
S1237D300018CE005B183A18A700CE7E103ABD25D939CE10001F0A02161E3980191C39806F
S1237D508600A730CC0000FD0134B7013620071F3980031D398039FC00A6F300A804B3AA17
S1237D70E8FD02BCFCAAE8FD00A6FD00A8FC00AAF300AC04B302BCFD00AAFD00ACFC00AEC2
S1237D90B302BCFD00AE183C18CE08FCBDDE651838BD5FFD7F00517F00817F00528600B72E
S1097DB000447F02AF391C
S1238000454F5320372E34712020436F707972696768742032303031205468756E64657275
S1238020204C616B6520417564696F20436F72706F726174696F6E04544D204C6561726E26
S1238040203A7C2020202020202020205A544D53204C6561726E3A7C202020202020202010
S1238060205A5370656369616C73203A7C2020202020202020205A6F2D7E4E657874202005
S12380802020206F6F2D7E507265767C5A5A5A2020202020202020205A5A5A5A20202020C4
S12380A020202020206F2D7E49522074782E2E2E202020207C20202020205A5A5A202020C7
S12380C020202020202020202001010F504F5745527C20202020200193564F4C554D452036
S12380E05E7C202020202020205A0195564F4C554D452076207C202020202020205A20016D
S123810087544D2053544F7C202020202020018B544D2052434C7C202020202020017144C1
S12381206973706C6179205E7C2020204C20204C205A0172446973706C617920767C202062
S1238140204C20204C205A0117317C20011B327C20011D337C20011E347C200127357C2005
S1238160012B367C20012D537572722F377C202020202020012E4D61747269782F387C20DA
S12381802020202020202001334D6F6E6F2F397C2020202020200156467C200135537465EF
S12381A072656F2F307C202020202020202001AA454E5445527C20202020200159416E61EB
S12381C06C6F677C20202020204C015A546170652F4D6F6E7C20204C2020202020015C5658
S12381E06964656F7C20202020200163562D456E687C2020202020016543696E45517C20EE
S12382002020202001664C6174654E696768747C2020202020204C202001695363726565CF
S12382206E7C202020202020016A4C696E6B20412F567C2020202020202020016C4D5554D2
S1238240457C20202020010F504F5745527C20202020200193564F4C554D45205E7C20207A
S123826020202020205A0195564F4C554D4520767C202020202020205A018D544D53205351
S1238280544F7C20202020202020018E544D532052434C7C202020202020200174444953A6
S12382A0504C4159205E7C20202020202020205A0178444953504C415920767C202020200F
S12382C0202020205A01364C462F317C2020202001394354522F327C2020202020013A526E
S12382E0462F337C20202020013C4C532F347C2020202001475355422F357C2020202020E9
S1238300014B52532F367C20202020014D377C20014E387C200153397C200156467C200160
S123832055307C2001AC455849547C20202020019641646A7573747C20204C202020019931
S12383404E6F697365205365717C20202020202020204C019A537463204E6F6973657C208B
S12383602020202020202020019C4175746F2D5365747C202020202020202001A341757420
S12383806F2D446C797C202020202020204C01A553706B72204366677C204C20202020206E
S12383A04C01A652652D4469727C20202020202001A9526F6C6C2D4F66667C2020202020E0
S12383C0202020016C4D5554457C2020202001B1504F574552204F4E7C202020202020203D
S12383E02001B2504F574552204F46467C20202020202020202001B4562D456E68204F4E72
S12384007C202020202020202001B8562D456E68204F46467C20202020202020202001C32A
S123842043696E4551204F4E7C202020202020202001C543696E4551204F46467C20202002
S123844020202020202001F14553204F4E7C202020202001F34553204F46467C2020202072
S1238460202001FD5061727479204F4E7C202020204C20202001FE5061727479204F46463B
S12384807C202020204C2020202001C64C74204E74204F46467C202020202020202020010F
S12384A0C94C74204E74204C4F577C20202020202020202001CA4C74204E74204D45447CC0
S12384C020202020202020202001CC4C74204E742048497C202020202020202001D1536354
S12384E07265656E20767C202020202020205A01D253637265656E205E7C20202020202095
S1238500205A01D44D555445204F4E7C2020202020202001D84D555445204F46467C2020E9
S123852020202020202001E2446973706C61797C2020204C20204C01E452656643696E6589
S12385406D617C20202020202020202001E543696E656D61372E317C202020202020202068
S12385602001F5372E31204D6F7669657C20202020202020202001F6372E31204D75736944
S1238580637C20202020202020202001E84E65787420496E707C202020202020204C01F070
S12385A05072657620496E707C202020202020204C01F8437265646974737C202020202048
S12385C02020017593649521873D8B557144722B742D783117321B331D341E3527362B37FA
S12385E02D382E39333035465645AA4159545A565C51657369236A226C4C364339523A6CEB
S12386003C5347724B65AC61966E99249A2A9C40A358A64FA929B228B15BB45DB87BC37DC4
S1238620C568C669C96ACA6BCC5FD15ED24DD46DD83FE27EE462E559F15AF347F567F67076
S1238640FD6FFE3EE83CF0500F76634E6663A501207C2064427C20202E7C205F7C202D7CD9
S1238660202A7C203A7C20FF7C203A6B7C53533A4B7C5353787C2066733A7C2053206B4848
S12386807A7C464646456D70682E7C20204C202034342E317C2020202034382E307C2020C5
S12386A0202033322E307C20202020202020202020207C20202020202020567C20437C20AA
S12386C0507C204145537C202020446174617C20202020637C3D617C3D627C3D562D456EF8
S12386E0687C2020202020486967687C20204C204D65647C2020204C6F777C2020204F6695
S1238700667C2020206474737C6C6C6C202049522050726F6772616D206D6F646520202010
S12387207C20202020202020204C202020202020202020202020506F7765722D646F776EFB
S123874020746F2065786974207C20202020202020202020202020202020202020202020DC
S123876020202020204E6F69736520202020202020207C202020202020202020202020203B
S123878020202020202020202020202053657175656E6365722020202020207C20202020EE
S12387A02020204C20202020202020202020202020202020537461746963204E6F69736583
S12387C0202020207C202020202020202020202020202020202020202020202020204765CD
S12387E06E657261746F722020202020207C202020202020202020202020202020202020FE
S1238800202020202020204175746F20536574757020202020207C2020202020202020206E
S123882020202020204C202020202020202020202020206D6F646520202020202020207C87
S1238840202020202020202020202020202020202020202020204175746F2053657475708A
S1238860204572726F7220207C20202020202020202020204C20202020202020203C506C6A
S12388806561736520696E73657274206D6963213E7C20202020202020202020202020208D
S12388A02020202020204572726F723A4E6F205468656174657220372E317C202020202034
S12388C02020202020202020202020202020204175746F2053657475702070726F6365644D
S12388E07572657C2020202020202020204C204C20202020202020202020204175746F20BB
S123890044656C6179206D6F646520207C2020202020202020202020204C20202020202057
S12389202020202020202020202020202020202020202020207C20202020202020202020D7
S12389402020202020202020202020204175746F2044656C6179204572726F7220207C20E5
S1238960202020202020202020204C20202020202020203C506C6561736520696E73657290
S123898074206D6963213E7C20202020202020202020202020202020202020202053706563
S12389A06369616C2054657374204D6F64652E207C20204C202020202020202020202020DF
S12389C02020202020204C46207E2037206368277320282620455329207C2020202020201C
S12389E02020202020202020202020202020416C6C20636827732053696E676C6520456EC0
S1238A00642E7C2020202020202020202020204C2020202020202055736520462D392D333F
S1238A2020746F20726573746F72657C20202020202020202020202020202020202020200F
S1238A4020416C6C20636827732042616C616E6365642E207C202020202020202020202000
S1238A6020202020202020202055736520462D392D3320746F20726573746F72657C202096
S1238A802020202020202020202020202020202020202020206474732064656469636174F9
S1238AA0696F6E2020207C2020206C6C6C202020202020202020202020202020202020208C
S1238AC02020206F6E204420202020202020207C2020202020202020202020202020202075
S1238AE0202020202020204D5045472064656469636174696F6E20207C2020202020202099
S1238B002020202020202020202020202020202020202020206F6E20442020202020202090
S1238B20207C2020202020202020202020202020202020202020416E616C6F67205061737F
S1238B40732D546872757C20202020204C20202020202020202020416E6C672050617373ED
S1238B60546872204E2F417C2020204C202020202020202020202020284E6F204C6F636BAF
S1238B8029202020202020207C20202020202020202020202020202020284E6F204C6F6329
S1238BA06B29202020206474737C202020202020202020202020206C6C6C284E6F204C6F32
S1238BC0636B292020204D5045477C20202020202020202020202020202020284E6F204C44
S1238BE06F636B2920202041432D337C202020202020202020202020202020203A537465E5
S1238C0072656F7C202020202020203A50726F204C207C202020202020203A4D6174726924
S1238C20787C202020202020203A4D6F6E6F20207C2020202020202053746572656F20203B
S1238C4020202020202020207C2020202020202020202020202020202029282050726F20D2
S1238C604C6F676963202020207C6C6C20202020202020202020202020204D6174726978F9
S1238C80202020202020202020207C20202020202020202020202020202020456E68616E2A
S1238CA0636564204D6F6E6F2020207C202020202020202020202020202020206474732084
S1238CC0352E312020202020202020207C6C6C6C2020202020202020202020202064747331
S1238CE03A53746572656F20446E4D78207C6C6C6C202020202020202020202020206474D5
S1238D007320352E313A4E2F4120202020207C6C6C6C202020202020202020202020204DE3
S1238D20504547322053746572656F202020207C2020202020202020202020202020202093
S1238D404D504547323A50726F204C6F676963207C2020202020202020202020204C202093
S1238D60204D504547323A4D6174726978202020207C202020202020202020202020202009
S1238D8020204D504547323A456E68204D6F6E6F20207C20202020202020202020202020CA
S1238DA02020202928204469676974616C2020202020207C6C6C20202020202020202020CC
S1238DC0202020202928204469672F50726F204C6F6769637C6C6C202020202020202020A8
S1238DE02020202020484443447C6C6C6C6C967C20857C20197C20507C425F5F5F5F7C2062
S1238E00202020204C4620435220524620204C53205342205253204C462043522052462037
S1238E205342204C532045532052532020204C454654202020202020524947485420204212
S1238E4075656675737320697320616C697665212121207C202020202020202020202020C7
S1238E602020202020202020202020205377697463684D6173746572202020207C20202034
S1238E8020202020202020202020202020202020202020202020446F776E6C6F61646572FF
S1238EA020202020207C202020202020202020202020202020202020202020436865636B14
S1238EC020532F4D207365742D75702020207C202020202020202020202020202020204CF9
S1238EE02020202020507265737320616E79206B65792E2E2E2E207C20202020202020209C
S1238F0020204C2020204C20202020203234327C4343433164317C4343433263327C4343C4
S1238F20436135617C4343433263327C4343436164617C4343433234327C43434361356163
S1238F407C4343433234327C4343436164617C4343433263327C4343433164317C43434369
S1238F606234627C4343436164617C4343436263627C4343436164617C4343433233327C5B
S1238F804343433165317C4343433266327C4343436136617C4343433266327C434343613C
S1238FA065617C4343433233327C4343436136617C4343433233327C4343436165617C43C7
S1238FC043433266327C4343433165317C4343436233627C4343436165617C434343202004
S1238FE0207C2020202020207C2020204C467C727252467C72724C537C727252537C727247
S123900043527C727253427C72724C467C727252467C72724C197C722052197C72204352F7
S12390207C727253427C72724C467C636352467C63634C737C632052737C632063527C2056
S12390406373427C20634C467C636352467C63634C197C632052197C632063527C20637352
S1239060427C206353504C3A20205265662120202020202E202064427C20202020202020F4
S123908020203D202020202020202020202036207C2020202032207C2020202038207C205B
S12390A0202078797A7C4343437576777C4343434B2D436F6E6669673A5245462E54484521
S12390C0415445527C532020202020204C20202020202020202020202020202020202053F2
S12390E07562776F6F666572733A2020207C2020202020202020202020202020202020203A
S123910020204B2D436F6E6669673A5448454154455220372E317C532020202020204C2045
S12391202020202020202020202020202020202020202020537562776F6F6665723A207C19
S123914020202020202020202020202020202020202020205F5F5F7C2020204B3D527C53E9
S123916020204B20537C53205385534B7C2020535F7C204B7C534D6F766965207C20202068
S12391802020204D75736963197C202020202020413120413220413320202020202020207C
S12391A0202020207C20202020202020202020202020202020202020202D30202D30202D08
S12391C0302064422020202020202020207C202020202020202020202020202020202020B9
S12391E020202020202020666F3A202020487A202020202020207C202020202020462020B8
S123920020204646202020202020202020206F4320204C6F636B204F75743A20443D207CF4
S12392202020205320202020202020202020202020202020546474733D7C206C6C6C207427
S12392404D50473D7C2020202020744143333D7C20202020204C4E3D202020202020202072
S1239260202020204D656D3D207C202020202020202020202020202020202020202053633C
S12392807265656E2020442E4E6F726D2020202064427C2020202020202020202020202090
S12392A02020202020202020443120443220443320204434204435204436207C2020202001
S12392C02020202020202020202020202020202020413120413220413320202020202020F1
S12392E0202020207C2020202020202020202020202020202020202020204137204138209D
S1239300413920202020202020202020207C202020202020202020202020202020202020B3
S1239320202044312020202020443220202020204433202020207C2020202020202020202B
S1239340202020202020202020202044342020202020443520202020204436202020207C02
S1239360202020202020202020202020202020202020202041312020202020413220202084
S123938020204133202020207C202020202020202020202020202020202020202020202039
S12393A020202020202020202020202020202020207C20202020202020202020202020204D
S12393C020202020202041372020202020413820202020204139202020207C202020202082
S12393E0202020202020202020202020202020202020202020202020202020202020202069
S12394002020207C202020202020202020202020202020202020202052656D6F746520431D
S12394206F6E74726F6C2054657374207C20202020202020202020202020202020202020CE
S12394402020205B507265737320416E79204B65795D2020207C2020202020202020202036
S1239460204C2020204C20202020202052533233322054782F5278206F6B617921207C203E
S1239480202020202020202020202020202020204C20202020202052533233322065727217
S12394A06F7220202020207C20202020202020202020202020202020202020202020204982
S12394C052205478206F6B61792120202020207C202020202020202020202020204C20200D
S12394E020202020202020204952205478206572726F7220202020207C202020202020209B
S1239500202020202020202020202020205B222222222256464420544553542222222222B8
S12395205D7C53535353535320202020202020205353535353537B3D3D3D3D3D3D3D3D3DCA
S12395403D3D3D3D3D3D3D3D3D7D7C5353535353535353535353535353535353535353204D
S1239560202020202020202020202020202020202020207C52525252525252525252525233
S1239580525252525252525220202020202020202020202020202020202020207C52525245
S12395A05252525252525252525252525252525252202020202020456E746572696E672019
S12395C020202020207C202020202020202020202020204C20202020202020202020537478
S12395E0616E646279204D6F6465202020207C202020202020202020204C2020202020206C
S123960020202020202020202020202061622020202020202020207C202020202020202067
S1239620205353202020202020202020202020202020202020636420202020202020202039
S12396407C20202020202020202053532020202020202020204350553A20202020205A3157
S12396603A20202020202020207C5252522020202020205252202020202020202020444929
S1239680503A20202020205A323A20202020202020207C52525220202020202052522020C0
S12396A02020202020202043533A20202020205A31453A20202020202020207C52522020EC
S12396C02020202052525220202020202020202020202020202020205A32453A2020202065
S12396E0202020207C20202020202020205252522020202020202020202020204D656D6F66
S1239700727920566163616E74202020207C20202020202020204C20202020202020202075
S123972020203A4E2F412020204D6F6E6F2020537465722020332F30202020322F31202012
S123974020332F31202020322F32202020332F3220202050726F204C3A53746572203A4DEF
S1239760617420203A452E4D6F6E3A50726F204C20352E30202020352E31202020202020BB
S1239780202020204D4F4F4E20202020202020207C202020202020202020202020202020B0
S12397A02020202020202020202041747472616374696F6E20202020207C2020202020424E
S12397C0424242424242424242202020202020202020486967682D456E6420412F56202029
S12397E020207C2020202020204C2020202020202020202020202020202020507265616D88
S1239800706C6966696572202020207C2020202020202020204C20202020202020202020B1
S1239820205265666572656E6365205468656174657220207C20422020202020202020204A
S123984042202020202020202020202026205468656174657220372E31202020207C20205D
S12398602020204220202020202020424242202020202020292820446F6C6279204469673D
S12398806974616C20207C20206C6C20202020204C2020204C20202020202064747320443F
S12398A069676974616C20537572726F756E647C6C6C6C2020204C2020202020202020201C
S12398C0202020204D50454732204469676974616C20417564696F207C202020202020203D
S12398E0204C202020202020202020202028322D63682E202B2050726F204C6F6769632945
S1239900207C2020202020202020202020202020204C20202020382D63682E20416E6C67FB
S123992020506173732D546872757C2020202020202020204C202020202020202020202054
S123994020204868444363426220417564696F202020207C202020484848484848482020DF
S12399602020202020202020205072656D69756D2032342D62697420442F41207C20202022
S12399802020202020202020202020202020202020205072656D69756D2032302D626974B6
S12399A020412F44207C20202020202020202020202020202020202020202020202041757D
S12399C0746F205365747570544D202020207C202020202020202020202020204C53532020
S12399E0202020286C6576656C2C64656C61792C706861736529207C202020202020202086
S1239A002020204C204C20202020202048696768205175616C69747920416E616C6F67204F
S1239A207C20204C20202020202020204C2020202020204C202020566F6C756D6520436F18
S1239A406E74726F6C202020207C2020202020202020202020202020202020202020202017
S1239A602020202063696E45515F544D2020202020207C2020202020206C6C6C6C6C6C53BB
S1239A8053202020202020362D4368616E6E656C2043696E656D61204551207C2020202054
S1239AA020202020202020202020202020202020202020412F5620537769746368696E67AC
S1239AC0202020207C2020202020202020202020202020204C20202020202052532D323363
S1239AE03220496E7465726661636520207C20202020202020202020202020202020202083
S1239B002020202020202020BCB1C0B0CFBDC0B02020202020207C2020202020202020200C
S1239B202020202020202020202020202020202020B5B3DEAAB2BCAEDD2020202020207CDC
S1239B4020202020202020202020202020202020202020202020202A2A2ACCA8B0C1ACB062
S1239B60BDDE2A2A2A2020207C2020205353532020202020202020535353202020202020DA
S1239B8020202020202020202020202020202020207C202020202020202020202020202065
S1239BA020202020202020202928C4DED9CBDEB0C3DEBCDEC0D9202020207C20206C6C2074
S1239BC02020202020202020202020202020202020647473C3DEBCDEC0D9BBD7B3DDC4DE7E
S1239BE02020207C20206C6C6C202020202020202020202020202020202020486844436327
S1239C004262B5B0C3DEA8B5202020207C2020206C6C6C6C6C6C6C202020202020202020C9
S1239C2020204D5045473220C3DEBCDEC0D9B5B0C3DEA8B5207C2020202020202020202052
S1239C40202020202020202020200020202020CAB2B4DDC4DEBBD7B3DDC4DE202020207CD1
S1239C60202020202020202020202020202020202020202020202020BBB3DDC4DECCDFDB6D
S1239C80BEAFBBB0202020207C202020202020202020202020202020202020202020202903
S1239CA028C4DED9CBDEB0C3DEBCDEC0D9202020207C20206C6C202020202020202020207C
S1239CC02020202020202020647473C3DEBCDEC0D9BBD7B3DDC4DE2020207C20206C6C6C3D
S1239CE0202020202020202020202020202020204D5045473220C3DEBCDEC0D9B5B0C3DE0B
S1239D00A8B5207C2020202020202020202020202020202020202020203C32C1ACC8D92BFF
S1239D20CCDFDBA5DBBCDEAFB83E20207C20202020202020202020202020202020202020BE
S1239D40202048684443634262CAB2C3DECCA8C6BCAEDD20207C20484848484848482020CF
S1239D6020202020202020202020202020BADDCADFC1CCDED9C3DEBCDEC0D92020207C20EB
S1239D8020202020202020202020202020202020202020202020202020B1B7ADD8C6B154E7
S1239DA04D2020202020207C202020202020202020202020535320202020202020202020B0
S1239DC0202020BBB0B7AFC420202020202020207C2020202020202020202020202020202E
S1239DE0202020202020CCDFDAD0B1D13230CBDEAFC4C3DEBCDEB1C5207C2020202020203D
S1239E0020202020202020202020202020202020203230CBDEAFC42D2BB1C5C3DEBCDE2077
S1239E2020207C202020202020202020535320202020202020202020202020B5B0C4BEAF66
S1239E40C4B1AFCCDF544D202020207C2020202020202020202020202020535320202020AC
S1239E603CBDCBDFB0B6DACDDED9B1DDC4DEC3DEA8DAB23E7C202020202020202020202058
S1239E802020202020202020202020202020BDB2AFC1DABCDEBDC0B020202020207C202022
S1239EA02020202020202020202020202020202020202020B1DAB2CEDED8ADB0D1BADDC4D4
S1239EC0DBB0D92020207C2020202020202020202020202020202020202020202020C3DEBD
S1239EE0BCDEC0D9CCD7B2CEB2B0D9544D20207C2020202020202020202020202020202070
S1239F005353202020202020BCDEAFC0B0D8C0DEB8BCAEDD202020207C20202020202020CD
S1239F202020202020202020202020202063696E45515F544D20202020202020202020204D
S1239F40207C6C6C6C6C6C6C53532020202020202020202020202020202035C1ACDDC8D913
S1239F60BCC8CFB2BAD7B2BBDEB07C20202020202020202020202020202020202020202030
S1239F80B5B0C3DEA8B5CBDEC3DEB5BDB2AFC1DDB8DE207C202020202020202020202020ED
S1239FA020202020202020202020205253323332B2DDC0B0CCAAB0BD202020207C202020C3
S1239FC020202020202020202020202020202020204CA053A0806CA080A0FE53A0FEA21E23
S1239FE043A281A32363A323A38642A386A4DC52A51BA64472A4DCA51B3DA644A6CB46A2C6
S123A0001EA24230A6CBA6EF31A6EFA71332A713A73733A737A75B34A75BA77F35A77FA749
S123A020A336A7A3A7C737A7C7A7EB38A7EBA80F39A80FA8335AA833A86948A242A2814F24
S123A040A869A89649A896A8C350A8C3A92F55A92FAA076700000F110F010E006A02000633
S123A0600202120C007000001E111E1010007100000D130F01010079000011110F010E0082
S123A080291F13111111131F00281F19111111191F00640303030F1B1B0F0074040C1F0CC1
S123A0A00C0C07007300000F1C0E071E0048000011111F1111004400001E1111111E00430B
S123A0C000000F1010100F006303040403001F0000690E04040E001F00006E0C1212120240
S123A0E0180700451E101C101E001F00510E1115120D001F005F0000000000001C007300B0
S123A100000C100C021C002D04040A0A11111F002B1F10080408101F00541F04040400004F
S123A12000004D111B151100000000520E131513150E00003E10181C1E1C1810003C01039A
S123A140070F070301004B01031F1F1F0301006B0001030F030100005310181F1F1F1810A8
S123A160002E00000006060000002A0000000C000000003A00000C0C000C0C005E040E1F72
S123A180040404040076040404041F0E04006F0E0A0E00000000005F000000000000001FE1
S123A1A04F1F1111111111111F3F1F1F1F1F1F1F1F1F7E0004021F02040000610000000067
S123A1C0000001006200000000000010006301000000000000006410000000000000005BD5
S123A1E00704181010101000221F000000000000005D1C040301010101007B101010101860
S123A2000407003D0000000000001F007D0101010103041C00320C1204081E0000006B004A
S123A22000080A0C0A090048000009090F0909006F0000000E11110E007A0000001E04081D
S123A2401E00480404040704040400680101011F01010100441F00000000001F004303140C
S123A260080808140300631E00000000001E00421F10101010101F0062180402020204189C
S123A28000310E1F1F0E00000000610E11110E00000000320000000E1F1F0E0062000000A2
S123A2A00E11110E00330E1F1F0E000E1F1F630E11110E000E1100340E1F1F0E000E110016
S123A2C035110E000E1F1F0E0064110E000E11110E00651F0E000E11110E00361F0E000ECA
S123A2E01F1F0E00660E11110E000E1F1F7800000000010007007904001F001F001F007A4A
S123A3000000000010001C0075000000000101050076040415151515150077000000001023
S123A3201014004C0000101010101F004600001F101E1010005400001F04040404004200D2
S123A340001E111E111E005200001E111F1211003100040C0404040E003200040A02040811
S123A3600E0033000E0204020A04003400080A0A0E02020035000E0804020A040036000479
S123A3800A080C0A040031060E160606061F00320E1703060C181F00331F03060E03130ED1
S123A3A000351F18181E03130E00371F1303060C0C0C00380E1B1B0E1B1B0E00410E1F1BE6
S123A3C01B1F1B1B00430E19181818190E00451F18181E18181F00481B1B1B1F1B1B1B0026
S123A3E0490F06060606060F004C18181818181F1F004D111B1F1F1B1B1B004E11191D1F16
S123A400171311004F0E1B1B1B1B1B0E00501E1B1B1E18181800510E191919191A0D0052C5
S123A4201E19191E1E1A1900530E191C0E07130E00540F0F0606060606006100000E030F7C
S123A4401B0F006300000E1918190E006403030F1B1B1B0F006500000E1B1F180E006700F2
S123A460000F1B0F030E006818181E1B1B1B1B006906000E0606060F006C0E060606060636
S123A4800F006E0000161B1B1B1B006F00000E1B1B1B0E007000001E1B1E18180072000074
S123A4A01619181818007300000F1C0E071E00740C0C1E0C0C0D06007600001B1B1B0A04A6
S123A4C000780000111B0E1B11007900001B1B1F030E002E0000000000060600421F1F13EE
S123A4E0151315131F431F1F19171717191F461F1F11171117171F4C1F1F17171717111FB2
S123A500531F1F19171B1D131F541F1F111B1B1B1B1F521F1F13151315151F411F1B151525
S123A5201115151F421F1315131515131F431F1917171717191F441F1315151515131F4575
S123A5401F1117111717111F461F1117131717171F471F1117171515111F481F1515111587
S123A56015151F491F111B1B1B1B111F4B1F1513171315151F4C1F1717171717111F4F1FF8
S123A5801115151515111F501F1315151317171F521F1115111315151F531F19171B1D1D1B
S123A5A0131F541F111B1B1B1B1B1F551F1515151515111F561F15151515151B1F581F158A
S123A5C0151B1B15151F591F15151B1B1B1B1F5A1F111D1B1B17111F301F1B151515151BB9
S123A5E01F311F1B131B1B1B111F321F1B151D1B17111F331F111D1B1D151B1F341F1715B3
S123A60015111D1D1F351F11171B1D151B1F361F1B151713151B1F371F11151D1B17171FB5
S123A620381F1115111515111F391F1B15191D151B1F201F1F1F1F1F1F1F1F3A1F1F1F1B57
S123A6401F1B1F1F200000000000000000611010101010101000621414141414141400633C
S123A66015151515151515004C181818181818180052030303030303030021001C0404158E
S123A6800E0400381F1F1F1F1F1F1F1F37001F1F1F1F1F1F1F3600001F1F1F1F1F1F35003F
S123A6A000001F1F1F1F1F34000000001F1F1F1F3300000000001F1F1F3200000000000089
S123A6C01F1F31000000000000001F4103070F1E1C18180042181C1E0F0703030043181801
S123A6E01C1E0F070300440303070F1E1C18004101070F0F01010100421010101010101035
S123A700004301010101010F0F004410101010101E1E004101070F1E180000004210181CEB
S123A7200E06060E0043000103070E1F1F004418100000061E1E0041030F1F180003030015
S123A7404210181C0C0C1C180043000010181F0F0700441C0E0E0E1C181000410000010370
S123A76003070E1F421C1C1C1C0C0C0C1F431F1F000000000000441F1F0C0C1E1E1E0041F3
S123A7801F1F1F1818181F1F421E1E1E000000180043000010181F0F0700440C06060E1CF8
S123A7A01810004101070E1C18181B1F42181E030000001C1F431C18180C0E0703004407DC
S123A7C00303070E1C1800410F0F0C0000000000421F1F07070E0E1C0043000101030307A3
S123A7E0070044181010000000000041030F1E1C1C0E070042181E0F07070E1C00430F1CE7
S123A8001C1C1E0F0300441E0707070F1E180041030F0F1C1818181F42181C1E0F07030777
S123A8201F4307000000180F0700441F0303070E1C18006F000E1F1F1F0E00003A000303A3
S123A84000030300002D00000005000000007E00000010000000005E040E1F04040404008F
S123A86076040404041F0E0400300E150E110000000031000E150E110000003200000E15E3
S123A8800E110000330000000E150E110034000000000E150E11300E150E0A00000000310E
S123A8A0000E150E0A0000003200000E150E0A0000330000000E150E0A0034000000000E3C
S123A8C0150E0A6100000000040E1F1F6200000404040E1F1F6304040400040E1F1F6404B5
S123A8E0040000040E1F1F6504000000040E1F1F7000000000000E0E007100000000150E27
S123A9000E15720000000011040411730000000011000011740000000000000000790F1FC4
S123A9201C00000000007A1E1F070000000000410003070D1F070200421E1F1F0D1F0C00E3
S123A94000430010180C1E18100044000000000000000049000103050F0301004A0F1F1FF6
S123A9600D1F0600004B00181C0E1F1C08004C000000000000000051000001030701000028
S123A98052071F1F0D1F13000053001C1E0D1F0E040054000000000000000061000000015C
S123A9A00300000062031F1F0D1F19100063101E1F0D1F07020064000000001000000069D6
S123A9C000000000010000006A010F1F0D1F1C08006B181F1F0D1F1301006C0000001018F4
S123A9E00000007100000000000000007200070F1D1F0E0400731C1F1F0D1F190000740086
S123AA000010081C100000202020203A4143333A4144543A414D203A4175783A4178313ABC
S123AA204178323A4178333A4253203A4255443A43616D3A4361733A4344203A4354563A1F
S123AA404441543A4444203A444D583A4453443A4473683A4453533A4454533A4454563AFB
S123AA604456413A4456443A4456583A4456313A4456323A464D203A4C44203A4C50203AA1
S123AA804D44203A4D50473A4D50333A5043203A50434D3A5243413A5270793A5361743AB1
S123AAA05343443A5365743A536B793A5354203A5461703A544F533A5454203A54756E3AA4
S123AAC054564F3A5456503A5554563A556C743A5643523A5643313A5643323A584D203A36
S123AAE0386D6D80808080803F1F1C0200500050005000500050005000500050083000008C
S123AB008103030303828203030303030303811E1E0F0F19190000170C00000013322D00E9
S123AB20000000160000009898887E78736E6B686562605E5C5A585755545351504F4E4D28
S123AB404C4B4A494847464545444342424140403F3E3E3D3C3C3B3A3A39393838373736F7
S123AB60363534343333333232313130302F2F2E2E2D2D2D2C2C2B2B2B2A2A292928282807
S123AB802727262626252525242423232322222221212020201F1F1F1E1E1E1D1D1C1C1C84
S123ABA01B1B1B1A1A1A1919181818171717161616151514141413131312121211111010DA
S123ABC0100F0F0F0E0E0D0D0D0C0C0C0B0B0A0A0A0909080807070706060505050404033C
S123ABE003020201010000FFFFFFFEFEFDFCFCFBFBFAFAF9F9F8F8F7F6F6F5F4F4F3F2F2F7
S123AC00F1F0F0EFEEEDEDECEBEAE9E8E7E6E5E4E3E2E1DFDEDDDBDAD8D6D4D2D0CDCAC709
S10AAC20C4BFBFBFBFBFBFEB
S123AC278E03FFBDB5318601B70254120720037EE30EC67FBD2B24BDC36ECE8000BDC37E0C
S123AC4718CE977CBDE1628601B70228860DB70043B70044B6024227037EE182B6022826F5
S123AC67F3BD29A0BD25638E03FF18CE977CBDE162183C18CE08FCBDDE651838CC0001FD2A
S123AC8702267F02257F0242B6022581012510CC0000FD02267F022518CE9603BDE162B6B8
S123ACA70242270E7F02428601B700437F00447E25EAB6024F2703BD2000B6025C27147FA0
S123ACC7025CBD2134BDC3258E03FFBDC36E863EBDDE37B6025B27147F025BBDC11ABDC3FE
S123ACE7258E03FFBDC36E863EBDDE377EAC8F8E03FF8601B7022AB60257276CB6022A26B3
S123AD0767B602542732867FB7006318FE025813070108188C9B02272C2006188C9FD127B5
S123AD27248601B7022A4F18FE0258BDE162C629183A18FF02582030B60063847FB70041A5
S123AD4715637F20058601B700417F022A7F02577F00447F004312638005BD2D322003BD4F
S123AD672E777F02547EAD6FB602422725810127067F02427E2563B60243810823147F02BA
S123AD8742B6025727037E31A87F0048BD66EF7EAD99B6024F2713B6025A81112609BD4820
S123ADA7E5C1FF27022003BD2000B6025C2706BD21347EADC9B6025B27187F025BBDC11AAD
S123ADC72000BDC3258E03FFBDC36E863EBDDE372000B6025727037EAE93B6022C81FF27EC
S123ADE74881FE265C18CE025D18EC081A83656427481A8364652742B6025A8102270586C3
S123AE0701B7025A7F02327F022CBD330CBD333381FF2603BD3333B6025A81022723BDDE4E
S123AE27E2BD3E3A14061F20187F022C7F0231BDDEE2BD3E3A14061F20078601B7022C2082
S123AE4700B6022D81FF262E8600B7022DBDDEE2BD3E3AB602AF81012708B6005326037E48
S123AE67AE7D8601B700547F022F7F00587F0230BD4D627EAE7DB6022E81FF260F4FB7021A
S123AE872EB6022C2606BDDEE2BD3E3A2000B601AB27037EAF85B6022C27037EAF85B602E1
S123AEA75727037EAF85B6022E27037EAF85B6022D27037EAF85B6025A810127037EAF20C6
S123AEC713030155B6000481FF264E7F0004B6000384802628B60000270812638004860F4C
S123AEE72016B60069270F18CE908DC61C183A8614BDDFDB20218607BD4164201AB60069EB
S123AF07270F18CE908DC615183A8614BDDFDB2006B60005BD41642000B600062760B60053
S123AF2753BB00552653B60069264E12638019B600002614B600648103270D81012709B65F
S123AF47006A270412060115150601120602161206041E1206081A120610162021BD52A134
S123AF671506012019BD52F115060212060402200DBD531F15061C200515061F2000B6006E
S123AF8769271BB6025A81022654B602208104234DB6022C2603BD59087F02202040B6023B
S123AFA75A81022639B6022081022332B6022C2628BD552812074009B60082841F81032746
S123AFC715B6007E8403810327072000BD579E2008BD56E42003BD56167F02202000B60030
S123AFE7532711B6022D260CB6022F816E2305BD4D622000B602322745B6025A810D2706F7
S123B007810127192033B602328102272CBD4784B6023F2629BD481F7F02322021B6022C86
S123B027261CB6022D2617B6022E2612B60257260DB6023F2608BD425F7F02322000B60035
S123B047532605B600552769B6022D2664B6025D81532612CE10001E0A0228BD7D42BDDEF5
S123B067E2BD495D204BCE10001F0A0244BDDEE24F18CE9064BDDFDBBD7D42CE0000FF0260
S123B087392000BD79F0FE023908FF02398C00C8231FF60134BD7A353637BD7AB83332833A
S123B0A7020F04040417BD596ECE0000FF02392000B6005527037EB0E5B6005327037EB0FC
S123B0C7E5B6005727037EB0E5FE023608FF02368C00322309CE0000FF0236BD39AF20000D
S123B0E7B6025A810827037EB111FE023808FF02388C1D4C24037EB111CE0000FF0238B6AE
S123B107022C2606BD45797EB111B6005726037EB193BD79F0B6022D27037EB193B602AFB9
S123B1278101270481022737B60230810F235D7F0230CE10001E0A0208BD4FABBD670B20B7
S123B1474BBD7AD4B600582743B6005481012709BD4D627F00587EB193BD4C147EB193B6C0
S123B1670230811E23267F0230BD7B80B6005981082505BD4FD72014B60058270F7C005454
S123B187B6005481052305BD4C8F20007EACFEB60055260FB60053260AB60057260586FED7
S123B1A7B7022C39CE1000CC8000E316ED161D237F3BCE1000CC8000E31EED1E1D23F7BD1C
S123B1C7DF773BB6025227057C02532012CE1000B6024F260A7C02452609EC10FD02461D35
S123B1E723FB3BEC10FD0248B30246FD024AB602442625FC024A1A831F4024111A831900EE
S123B207230B8601B702447F024C7F0251FC0248FD02467F024520C7FC024A1A8308662324
S123B227121A830A5A23171A830C8023061A830FA023057F024420D50D79025120037802C0
S123B247517C024CB6024C810826C2B602502634B602212715B602518193270E8195270A43
S123B2678601B702217F0250200B8601B70250B60251B7024D86FFB702457F02447F021FDF
S123B2871D23FB3BB6021F8105241FB60251B1024D261C8601B7024FB7022186FFB7024556
S123B2A77F02447F02501D23FB3B7F025020A18601B702507F02447EB214CE10007F02509D
S123B2C77F024486FFB702457F021F7F02217F024F1D23FB39B602422602201AB6024381BD
S123B2E705231E810A23013B8602B702428601B70243BD67B63B8601B70242B70243BD6756
S123B307B63BB60228270D7C0228B60228811E23037F0228B6022927127C0229B602298106
S123B3273C23087F02298655B70042B6022A270D7C022AB6022A815A23037F022AB60221F8
S123B347270D7C0221B60221810323037F0221B60227260CB602262607B602252602200D9C
S123B3677C022726087C022626037C0225B602552722B602562607B6022281012007FC026D
S123B387231A8300B4220D7C022426087C022326037C0222B6022C271781FF271381FE2743
S123B3A70F7C022CB6022C8132230586FFB7022C7D0046270B7A00462606B60044B70043CB
S123B3C7B6022D271781FF271381FE270F7C022DB6022D8146230586FFB7022DB6012F27D9
S123B3E7107C0235B60235810423067F02357F012FB6022E271381FF270F7C022EB6022E17
S123B4078164230586FFB7022EFE023B270409FF023BB6023F27044AB7023FFE023D270431
S123B42709FF023D7C021F7C02207C022F7C02437C0230CE10001D257F3BCE1000A60A8477
S123B44710B102412708B702418601B702328611BD5CAD16C48027037EB4EEF60009B7008B
S123B46709112707C601F702322014C408271018CE025D18E61AC12A2605C602F702328466
S123B48710B1000027094D2600B70000BDB196B6000027037EB4EEB6006B26118602BD5C89
S123B4A7AD841027088630B702367EB4EE7C022BB6022B810F22037EB4EE7F022BB6000089
S123B4C727037EB4EEB6006A26128612BD5CADB1000A2708B7000A8601B70232BD3C83BD0B
S123B4E73CB48630B70236CE1000A60A8408B1006F2706B7006F140601CE10001D00201DCC
S123B50725BFB6006981022605BD67922008B600022603BD67993B8600B718408603CE10BC
S123B52700A700BD680FCF20FE3B0FCE100086B3A7398601A73D8600A7351D26048620A796
S123B54738A63F817F272AC616E73BE73FC617E73B18CE0D06180926FC6F3BC602E73B86F9
S123B5677FA73FC603E73B18CE0D06180926FC6F3B8601A70086FBA701863AA7091C08207F
S123B587860FA703860FA7028630A72B6F2C860CA72D865DA7288627A73C1C26031C244093
S123B5A71C22881C24808620A7211C22046F3BC6F0E75CC6E4E75DC64FE75FBD678B140299
S123B5C7FF8607B718088601B70010B70011CE10001D2440BD5B58CE10001C2440183C184E
S123B5E7CE02BCBDDE6518388600B71840183C18CE2710BDDE6518388610B71840BD5E92BC
S123B6078614B7000DB718408634B7000EB71848B7000FBD5D11183C18CE03E8BDDE6518EE
S123B62738BD5D11183C18CE01F4BDDE651838BD5B6B183C18CE03E8BDDE651838BDB2C1F5
S123B6477F0252BDDE99BDDEDD7F02427F02437F025B7F025C7F02297F022A7F02217F02A8
S123B6672B7F00467F00047F022F7F02317F02327F02358610B700007F006A7F006B7F00E2
S123B6876C7F006D7F00697F00648608B7007EBD5E9F7F00067F006F7F007D7F007C7F0016
S123B6A76E8655B700427F00537F00557F00567F00498601B7018C7F018D7F018E7F018F05
S123B6C7B67E6681012604860220028601B70190B67E6781012604860220028601B70191DF
S123B6E7CC0000FD00B6FD00B8FD00BAFD00BCFD00BEFD00C0BD27A5BD27C90784BF06B6E7
S113B7071800B70007BDC325BDC0007F00030E396D
S105BFFEAC276A
S123C00086C0B701B4CC3F0DFD01B7BDC1617F01F67C01F6CC7E00FD021BCC7FFFFD021D0B
S123C020867EB70215B7021818CE0218CDEF0139CE1000A62EB6025C2605B6025B27013BFC
S123C040A62F18CE01B7F601F7183A810826175D26013B8608BDC3528620BDC3528608BD81
S123C060C3527A01F73B810D26085D275918A7002054C1232309CED3DCBDC37E7EC0918153
S123C0801F230D8180240918A700BDC3527C01F73B7F01F67C01F6BDC36E863EBDC2F77F4F
S123C0A0025B7F025C7F01F73BF701F78601B7025B7F025C20088601B7025C7F025BCE10AB
S123C0C000860CA72D3B7F02117F01EC7F01EDCE01B7FF01FDBDC2B0EC001A83544D260846
S123C0E0A6028120260220CEEC001A83454F27A17F01F75FBDC297CE01E43ABDC156A700A4
S123C100810D27A5BDC2C027A07C01FE5CC10823E3CED3DCBDC37E7EC091CED340FF01FFEB
S123C120FE01FF18CE01E4E600C1FF2607CED3CABDC37E393CCB033AFF01FF385F5CA601E0
S123C14018A10026DB081808F101F72DF0FE01FF0909EE006E0081612D06817A2E028020A7
S123C16039CE01EEC6086F00085A2EFA395059584142435300020406070809010101000084
S123C1800001A600363CBDC2F7862DBDC2F7E607A60ECE01AC3A4D2703BDC356BDC3653823
S123C1A032393CCEC16DBDC18208815326F8383936373CBDC15681302D2281392F0A81413B
S123C1C02D1A81462E168B09840FCE01ECC604680169005A2EF9AA01A70120037C021138CD
S123C1E03332397F02117F01F77F01EC7F01EDBDC2B0BDC297BDC1B07D021126087C01F716
S123C200BDC29F20ED397F01F77F01EC7F01EDBDC3AB81182601397F0211BDC1B07D0211F2
S123C22026057C01F720E8397D01F72706B601EDBDC234398C103F2712BC021B2513BC0205
S123C2401D220E37E600C1FF332703BDC26CBDC260A700A10027083CCED3EFBDC37E3839D7
S123C26037C602F7103BA700C603201837C616F7103BC6FFE700C617200A37C606F7103B84
S123C280A700C60726015FF7103B333CCE0D060926FD387F103B393CFE01FDA60038393C1C
S123C2A0FE01FD0820053CFE01FD09FF01FD3839BDC297BDC2C02605BDC29F20F3810D392A
S123C2C0812C270681202702810939BDC2C02702810D39BDC2EA271181172605BDC2EA27D0
S123C2E0FB811827048101260039B6102E84202705B6102F847F3936373C8D073833327C4F
S123C30001F8397D01F627108D0E810D2604860A2006810A260E860DF6102EC58027F984C4
S123C3207FB7102F39CE10008630A72B8600A72C862CA72D7F01F67C01F67F025B7F025C64
S123C3407F01F73944444444840F8B3081392F028B07BDC2F73936A600368DE8328DE9323E
S123C3600839BDC356BDC3568620BDC2F739860DBDC2F78600BDC2F7860D7F01F839BDC3AE
S123C3806E36A60081042714BDC2F708BDC2EA27F1811726EDBDC2EA27FB20E6323936BDF6
S123C3A0C368B601F881142FF63239BDC2EA4D27FABDC2F739BDC2B02604BDC44E39812DE5
S123C3C02631BDC29FBDC297BDC2CB2606BDC1617EC3B5BDC1E3BDC2CB2707CED3FDBDC38C
S123C3E07E39BDC45D5D2B08CE01EE3A6F006F017EC3B5BDC1E3BDC2CB2707CED3FDBDC351
S123C4007E39BDC45D5D2CADFE01ECA60036863FBDC234E60032BDC234C13F270DFF01FF10
S123C420CE01FFBDC362BDC44E397F01EC7F01ED3CBDC45D385D2A0ACED3E5BDC37EBDC47F
S123C4404E3918CE01EE183ACDEF007EC3B5BDC36ECE01EEC604BDC3625A2EFA395FCE0138
S123C460EE3AEE00BC01EC2601395C5CC1062FEEC6FF39FE021B2003CE103F86FFBDC27A26
S123C48039FE01F9FF01FFC6803AFF0201BDC2B0273ABDC1E37D01F7272BBDC2CB2626FE9A
S123C4A001ECFF01FFC6803AFF0201BDC2B0271CBDC1E37D01F7270DBDC2B02608FE01EC46
S123C4C0FF02012007CED3FDBDC37E39FC01FFFD01F9C4F0FD01FFBDC36ECE01FFBDC36218
S123C4E0FE01FF5FBDC3655CC1102DF85FFE01FF3AA60081202504817E23028620BDC2F75D
S123C5005CC1102DE8BDC2D3FC01FFC30010FD01FF1AB30201220F1A83000026BAFC02013A
S123C5201A83FFF025B139BDC2B0273DBDC1E37D01F72745BDC2CB2640FC01ECFD01FFC32E
S123C54001FFFD0201BDC2B02713BDC1E37D01F72727BDC2B02622FE01ECFF0201FE01FFE8
S123C560FF021BFE0201FF021DBDC36ECE021BBDC362CE021DBDC36239CED3FDBDC37E39E4
S123C580BDC2B0BDC1E37D01F7275ABDC2C02655FE01ECFF01FFBDC2B0BDC1E37D01F72741
S123C5A044BDC2CB263FFE01ECFF020186FFB70212BDC2B02713BDC1E37D01F72727BDC23B
S123C5C0B02622B601EDB70212BDC2D3FE01FFB60212BDC234A1002613BC0201270608FF56
S123C5E001FF20E539CED3FDBDC37E39CE01FFBDC36239BDC2B0271ABDC1E3BDC2B027070D
S123C600CED3FDBDC37E397D01F72706FE01ECFF01F9BDC36ECE01F9BDC362FE01F9BDC3AB
S123C620657F01EC7F01EDBDC206BDC156FE01F981202731810A273F812B2745815E274B14
S123C640812D274781082743812F2749813D2745814F2747810D2776812E2775CED3F4BD77
S123C660C37E7EC612BDC22808FF01F98FC40F27037EC61B7EC612BDC22808FF01F97EC64A
S123C68015BDC22808FF01F97EC612BDC22809FF01F97EC612BDC2287EC612FC01ECB301EA
S123C6A0F981002606C1802313200881FF2604C1812409CED3DCBDC37E7EC612830001F7CC
S123C6C00214BDC368CE0214BDC3657EC612BDC22839BDC1E37D01F72730BDC2C0262BFE9E
S123C6E001ECFF01FFBDC1E37D01F7271DBDC2CB2618FE01ECFF0201BDC1E3BDC2B0260AFB
S123C7007D01F7270CFE01EC200BCED3FDBDC37E39FE01FF08FF0203FE0203BC01FF233165
S123C720BC0201222CFC0201B301FFF30203FD0203FE0201BDC2D3A6003CFE0203BDC23451
S123C740A100262E09FF020338BC01FF27230920E3FE01FFBDC2D3A6003CFE0203BDC234A1
S123C760A100260E08FF020338BC020127030820E33938CE0203BDC36239CE0200FF020D6B
S123C780BDC2B02715BDC1E3BDC2B02707CED982BDC37E39FE01ECFF020DFE020DFF01FF07
S123C7A0BDC36ECE01FFBDC362BDCCC6BDC39E863EBDC352BDC86DB7020B815E2715812B57
S123C7C02711812D270D812F2709813D27058100260439BDC36EBDC368BDC368BDC368BD2A
S123C7E0C368BDC368BDC8C5C1052F08CED98FBDC37E2031C1002730BDC90EB6020481FF6E
S123C8002608CED98FBDC37E201BBDC94981002608CE0000FF0205200F4A16CED9323A3A49
S123C820EE00BDC37E7F020BB6020B815E2704812D2609FE020D09FF020D202E810A2708A6
S123C840812B2704810D2622FE02052608FE01FFFF020D2015810A2704812B2607FE020D17
S123C86008FF0205FE0205FF020D7EC79A5F860DCE01B73AA7005CC1232DF55FBDC3AB81EE
S123C8801827408101273C812E273881032734810427308108270220165A2E0220CF860878
S123C8A0BDC3528620BDC3528608BDC35220CDCE01B73ABDC156A700C1232C015CBDC8F3BD
S123C8C026BA394F398620B701E7CE01B7FF01FDBDC2B05FBDC297BDC29FBDC2C02713BDF3
S123C8E0C8F3270EBDC156CE01E43AA7005CC1052FE239810A2716810D2712815E270E814C
S123C9002F270A812B2706812D2702813D39CED9F618CE01E42003C6063AA6008104260624
S123C92086FFB702043918A10026ECA60118A10126E5A60218A10226DEA60318A10326D778
S123C940EC04B70203F70204398604B702127F0213FE01FD8C01E4271DEC0008812C26F49C
S123C960C15926078602B70212200BC15826078601B702122000BDC2B081232608BDC29F17
S123C9808600B70212F60204C10226037EC9EDC10126037EC9F2C10526037EC9FAC10826E3
S123C9A0037ECA30C10726037ECA3CC10326037ECA46C10426037ECA57C11526037ECA8EA6
S123C9C0C11026037ECAB5C10926037ECABFC11226037ECADCC11126037ECAE6C11326031C
S123C9E07ECB0AC11426037ECB0A8602398618BDCCB9B60203BDCCB94F39BDCC9B8104269A
S123CA000139FC01ECFE01FF0808FF0207B30207FD02071A83007F23091A83FF8024038606
S123CA200939B60203BDCCB9B60208BDCCB94F39B60212810026058603B70212B602128114
S123CA400026038601398600B70214B702018618B70202BDCBB739B602128102260A8618F0
S123CA60BDCCB98601B70212B6021281012604BDCC6A39B602038B10BDCCB9BDCC9B81043B
S123CA80270BFC01ECBDCCB917BDCCB94F39B60212810026058603B70212B6021281022617
S123CAA0037C0213861AB70214B7020186CDB70202BDCBB739B6021281002603860139B647
S123CAC00212810026058603B702128600B70214B7020186CDB70202BDCBB739B602128160
S123CAE0002603860139B60212810226037C0213810026058603B702128618B70214B7021E
S123CB0002861AB70201BDCBB739BDCB8B81002603860339B602128102260A8618BDCCB961
S123CB208601B70212B60203BDCCB9BDCC9B8104260139B601EDBDCCB9B60212810126063B
S123CB40BDC29FBDC29FBDCC9B8104260139B601EDBDCCB9B60204811426024F39BDCC9B81
S123CB608104260139FE01FF08FF0207FC01ECB302071A83007F230D1A83FF8024074FBD7A
S123CB80CCB986093917BDCCB94F39B60212F6020481012601398102260139C1142609B61E
S123CBA002038008B7020339C1132609B60203800CB70203394F39B602128103271381001F
S123CBC0272F810227478101275581042763860639B60214BDCCB1B60203BDCCB9BDCC9B11
S123CBE08104260139FC01ECBDCCB917BDCCB94F39B60214BDCCB1B60203BDCCB9BDCC9B19
S123CC008104260139B601EDBDCCB94F39B60202BDCCB1B602038B20B70203BDCC6A39B6C5
S123CC200201BDCCB1B602038B20B70203BDCC6A39BDCC9B8104260139B60214BDCCB1B6A0
S123CC4001F781022E10B602038B10BDCCB9B601EDBDCCB94F39B602038B30BDCCB9FC015C
S123CC60ECBDCCB917BDCCB94F39B60203BDCCB9BDCC9B8104260139812C2703860839BD40
S123CC80C29FBDC2978159270A81582706FED9BABDC37EB601EDBDCCB94F39BDC1E3BDC825
S123CCA0F32705BDC2C026067D01F727013986043981002703BDCCB939FE01FFBDC234BDB9
S123CCC0C365FF01FF39FE01FFA600C6008118270A811A270581CD26045C5C5C08FF02055B
S123CCE0F70214A600B7020308FF0205815F230F818D270B818F270781CF27037ECD9FF6C9
S123CD000214C1022504BDCF7739F602035FBDCE975D2604BDCF7739B60203818D2604C6D9
S123CD2005200A818F270481CF2605C601BDCE97F60204C101261AF60214C100270FB60268
S123CD4003C602BDCE975D2604BDCF7739BDCEBC39F60204C10526107D02142704BDCF77E6
S123CD6039BDCEBCBDCEF439F60204C1172704C11626117D02142704BDCF7739BDCEBCBD6C
S123CD80CF532006BDCEBCBDCED7BDC368BDCF53F60204C1132704C1162603BDCEF43981A3
S123CDA07F222CF60214C1022504BDCF7739846F5FBDCE975D2604BDCF7739BDCEBCB60238
S123CDC00384F081602604BDCED739BDCF62398187270481C72604BDCF773984CF5FBDCEED
S123CDE0975D2604BDCF7739B6020384CF818D2604C6072016818F2604C607200E81CF26E1
S123CE0004C61020068183260CC608BDCE975D2604BDCF7739F60204C1032708C107270443
S123CE20C1082636B6020384CF81832611F60214C102250AC615BDCE97C608F70204F602C2
S123CE4014C1012704C103260DB6020384B081A02704BDCF7739BDCF1939F60214C101278C
S123CE6004C1022615B6020384CFF60204C1092604C6112002C612BDCE97F60214C10225C7
S123CE800DB6020384B081A02704BDCF7739C608F70204BDCF1939CED9F6A10426115D2764
S123CEA004E105260AE605F70204FF02095C3937C6063AE600C1043326E05F39FE0209A665
S123CEC000BDC352A601BDC352A602BDC352A603BDC352BDC36839BDCF53862CBDC352F694
S123CEE00214C1012704C1032604865920028658BDC35239FE0205E60008FF02055D2B03CF
S123CF003A2004095C26FCFF0207BDC3688624BDC352CE0207BDC36239BDCEBCB602038444
S123CF20B08180261A8623BDC352BDCF53F60204C108270139FE0205BDC356FF02053981E1
S123CF40902604BDCF533981A02604BDCED739BDCF62398624BDC352FE0205BDC356FF0296
S123CF6005398624BDC352FE0205BDC362FF020539494C4C4F50043CCECF71BDC38138398D
S123CF80CED440BDC37E39BDC2B0260139BDC1E3BDC2B02707CED3FDBDC37E39FE01ECFF68
S123CFA001ACCECFAF3CBDD0D37F02127ECFC93607B701B432FD01B2FF01B018FF01AEBD71
S123CFC0D103BDC36EBDC1A239FE01AC3CFE01AE3CFE01B03CFC01B23637B601B4363BBDC2
S123CFE0C2B02715BDC1E3BDC2B02707CED3FDBDC37E39FE01ECFF01AC7F02127C0212BD75
S123D000D0D37ECFC930BE0201BDD128BDD103FE01AC09FF01AC7D02122608FE01B5080838
S123D020FF01B5BDC36EBDC1A2397F02127C02127ED0697F02147C02147F0212BDC2B081AC
S123D0400D2717BDC1E3BDC2B0810D2707CED3FDBDC37E39B601EDB70214BDC36ECED3EA76
S123D060BDC37EFE01ACBDC365B61020B7020184F3B71020B61022B702027F1024FE0219B1
S123D080FF0205867EB70218CED0ABFF0219B601B484EFB701B4C657FE100E3AFF101C86E0
S123D0A010B71023B710220E7ECFC90F7F1022308E03FFBDD128FE0205FF0219BDC2D37D41
S123D0C0021227037ECFF9BDC36EBDC1A27A02142288395FCE01EE18CE02093A183AEE00C0
S123D0E02709A60018A700863FA700CB02C1062FE3FE0216FF0205867EB70215CED005FFF5
S123D1000216395FCE01EE18CE02093A183AEE00270518A600A700CB02C1062FE7FE0205F3
S123D120FF02163930BE0201A600B701B4EC01B701B3F701B2EC03FD01B0EC05FD01AEEC70
S123D14007FD01ACC6083AFF01B5B610208A03B710208608B7100B397F02127C0212200324
S123D1607F02128600B71024BDC36E7F0213BDC2B0810D26022007CED3CABDC37E39BDC2F8
S123D180EA4D27FA815326F6BDC2EA4D27FA81392750813126E87F0214BDD22DF601EDC086
S123D1A002BDD22DBDD22DFE01EC09BDD22D085A271E7D021326C77D02122606B601EDBDFD
S123D1C0C234A10027E58602B70213FF020320DB7D021326A9B602144C27A38603B70213BD
S123D1E0209CBDD22DF601EDBDD22D5A26FAC664BDC28B5A26FA86C0B71024BDC2EACC7E07
S123D2000DFD01B77C01F6CED417B6021381022608CE0203BDC362201381012605CED43534
S123D220200781032603CED41CBDC37E39373CBDC2EA4D27FABDC1B0BDC2EA4D27FABDC154
S123D240B0B601EDBB0214B70214383339CEC16DBDC2B0BDC156810D271CA100270EE600A8
S123D26008C15326F5CED3FDBDC37E393CBDC29FBDC2B03826EFBDC1A2BDC36EBDC1827F3B
S123D28001EC7F01EDBDC206BDC2CB2707CED3FDBDC37E39363C7D01F72716E607A60ECECB
S123D2A001AC3A4D2706B601ECA70008B601EDA7003832E600C153270508810D26BB39BD6F
S123D2C0C2B0260CCEC0FFFF020718CEC000203CBDC1E37D01F7272D18FE01ECBDC2B0268D
S123D2E00F18FF0207FC0207C300FFFD0207201CBDC1E37D01F7270DFE01ECFF0207BDC276
S123D300B026022007CED3FDBDC37E39C6FFBDD32518A600A72F1F2E80FC18BC0207270456
S123D320180820ED39CE10008602A708A7096F2D8622A72B860CA72DE72F1F2E80FC3939F1
S123D3400341534DC77A05425245414BC3B5054552415345C473084552415345414C4CC401
S123D360780443414C4CCF87024D44C4810545454D4F44C527024246C58002474FCFDF046F
S123D38048454C50CF80044C4F4144D160024D4DC5F3044D4F5645C6D20750524F434545D0
S123D3A044D02A02524DD24D055452414345D033013FCF800558424F4F54D2BF0656455250
S123D3C0494659D158017ED33FFF436F6D6D616E64206E6F7420666F756E6404546F6F20E6
S123D3E04C6F6E670446756C6C044F702D2004726F6D2D04436F6D6D616E643F0442616466
S123D40020617267756D656E74044E6F20686F737420706F727404646F6E650463686B73AA
S123D420756D206572726F72046572726F722061646472200472637672206572726F7204A4
S123D4404255454655535320436F6D6D616E64205365743A0D0D41534D205B3C61646472F9
S123D4603E5D20204C696E6520617373656D626C65722F646973617373656D626C65722E0C
S123D4800D202020203C4354524C2D583E2020517569742E20202020202020202020202036
S123D4A020202020202020202020202020205E2020202020202020446F2070726576696FE2
S123D4C0757320616464726573732E0D202020203C4354524C2D4A3E2020446F206E65781B
S123D4E07420616464726573732E20202020202020202020203C52455455524E3E20202066
S123D5002020446F206E657874206F70636F64652E0D20202020202020202F202020202091
S123D520417373656D626C652063757272656E74206C696E652026207468656E206469735B
S123D54073617373656D626C652073616D6520616464726573732E0D4246203C6164647282
S123D560313E203C61646472323E205B3C646174613E5D2020426C6F636B2066696C6C20D3
S123D58028646174612064656661756C747320746F20246666292E0D425245414B205B2DC9
S123D5A05D5B3C616464723E5D202053657420757020627265616B706F696E742074616226
S123D5C06C652028627265616B706F696E7420757365732053574920243366292E0D455234
S123D5E041534528414C4C2920202020202020202045726173652074686520454550524F18
S123D6004D2028616E6420434F4E464947292E0D45454D4F44205B3C61646472313E205B5E
S123D6203C61646472323E5D5D20204368616E676520454550524F4D206164647265737371
S123D6402072616E67652E0D43414C4C205B3C616464723E5D20202020202043616C6C20F9
S123D6607573657220737562726F7574696E65202864656661756C747320746F2075736567
S123D68072207063292E0D474F205B3C616464723E5D2020202020202020457865637574CC
S123D6A065207573657220636F6465202864656661756C747320746F2075736572207063F2
S123D6C0292E0D4C4F4144202F205645524946592020202020204C6F6164206F7220766542
S123D6E07269667920532D7265636F7264732E0D4D44205B3C61646472313E205B3C6164D1
S123D7006472323E5D5D20204D656D6F72792064756D702E0D4D4D205B3C616464723E5DB4
S123D72020202020202020204D656D6F7279206D6F646966792E0D20202020202020202F5A
S123D74020202020204F70656E2073616D6520616464726573732E20202020202020203C5D
S123D76042533E206F72205E20204F70656E2070726576696F757320616464726573732EB0
S123D7800D202020203C4354524C2D4A3E20204F70656E206E65787420616464726573731B
S123D7A02E2020202020202020203C53504143453E2020204F70656E206E6578742061647B
S123D7C064726573732E0D202020203C52455455524E3E2020517569742E2020202020203E
S123D7E0202020202020202020202020202020203C616464723E4F202020436F6D707574E9
S123D80065206F666673657420746F203C616464723E2E0D4D4F5645203C73313E203C7341
S123D820323E205B3C643E5D2020426C6F636B206D6F7665202864656661756C7420643DCE
S123D84073312B31292E0D50524F434545442020202020202050726F636565642F636F6E4D
S123D86074696E756520657865637574696F6E20616674657220627265616B706F696E740A
S123D8802E0D524D205B3C503E7C3C593E7C3C583E7C3C413E7C3C423E7C3C433E7C3C5315
S123D8A03E5D20205265676973746572206D6F646966792E0D5452414345205B3C6E3E5D32
S123D8C02020205472616365206E20696E737472756374696F6E73207374617274696E6786
S123D8E0206174207573657220706320286E3C2466662C2064656661756C74206E3D312925
S123D9002E0D3C42533E2020204261636B73706163652028457261736573206C617374203D
S123D920636861726163746572207479706564292E04D944D95BD973D982D98FD9A2D9BA27
S123D940D9D5D9E2496D6D656469617465206D6F646520696C6C6567616C044572726F72FE
S123D96020696E206D6E656D6F6E6963207461626C6504496C6C6567616C20626974206F62
S123D980700442616420617267756D656E74044D6E656D6F6E6963206E6F7420666F756E02
S123D9A06404556E6B6E6F776E2061646472657373696E67206D6F646504496E64657865A1
S123D9C0642061646472657373696E6720617373756D65640453796E746178206572726F26
S123D9E072044272616E6368206F7574206F662072616E676504414241201B0141425820C6
S123DA003A01414259203A0241444341890341444342C903414444418B0341444442CB03B3
S123DA2041444444C308414E44418403414E4442C40341534C20680441534C414801415329
S123DA404C42580141534C4405014153522067044153524147014153524257014243432069
S123DA60240542434C521D14424353202505424551202705424745202C05424754202E0590
S123DA8042484920220542485320240542495441850342495442C503424C45202F05424CFC
S123DAA04F202505424C53202305424C54202D05424D49202B05424E4520260542504C2026
S123DAC02A054252412020054252434C1F1342524E202105425253451E13425345541C14C1
S123DAE0425352208D05425643202805425653202905434241201101434C43200C01434CA2
S123DB0049200E01434C52206F04434C52414F01434C52425F01434C56200A01434D5041EF
S123DB208103434D5042C103434F4D206304434F4D414301434F4D425301435044208315A9
S123DB40435058208C09435059208C11444141201901444543206A04444543414A0144453D
S123DB6043425A01444553203401444558200901444559200902454F52418803454F52429E
S123DB80C803464449560301494449560201494E43206C04494E43414C01494E43425C010F
S123DBA0494E53203101494E58200801494E592008024A4D50206E044A5352208D074C4447
S123DBC0414186034C444142C6034C444420CC084C4453208E084C445820CE094C44592011
S123DBE0CE114C534C2068044C534C4148014C534C4258014C534C4405014C535220640422
S123DC004C53524144014C53524254014C53524404014D554C203D014E45472060044E458A
S123DC20474140014E45474250014E4F502001014F5241418A034F524142CA0350534841CE
S123DC403601505348423701505348583C01505348593C0250554C41320150554C42330156
S123DC6050554C58380150554C593802524F4C206904524F4C414901524F4C425901524F7E
S123DC8052206604524F52414601524F52425601525449203B015254532039015342412009
S123DCA0100153424341820353424342C203534543200D01534549200F01534556200B019E
S123DCC053544141870753544142C70753544420CD0753544F50CF01535453208F07535445
S123DCE05820CF1053545920CF1253554241800353554242C003535542448308535749205F
S123DD003F0154414220160154415020060154424120170154504120070154455354000148
S123DD20545354206D04545354414D01545354425D015453582030015453592030025458E0
S123DD4053203501545953203502574149203E01584744588F01584744598F0242525345BB
S123DD6012164252434C131642534554141742434C5215170436B602AB36183018A601C3E6
S123DD800CCD186A0026F8313139CE10001C0C081D0D081C20021D2001CC00C8ED16ED1E0D
S123DDA07F025539CE10001C0C081C0D081C2003CC00C8ED16ED1E8601B70255398600BD1F
S123DDC0E17339B602AB810A271E7C02ABB6025A81082603BD4620B602AB810A27C6CE10B6
S123DDE0001F2308FC012029398603BDE17339B602AB271C7A02ABB6025A81082603BD46EF
S123DE0020B602AB2784CE10001F2308FC01200139EC16BDDD75ED1ECE10008608A70C8690
S11ADE2008A70D8602A7201D23771C2288CE000139B602ABC61939DC
S123DE373CCE10008D13810D2608860AA72F860D8D07A72F387C01F8391F2E80FC393CCEFC
S123DE571000A62E842027FAA62F847F383936861D4A26FD180926F732393936811323029E
S123DE778B2C8A80BDDF413239363718CE8650BDDFDB33321127034C20EF39380008010663
S123DE970CFF183C36183C18CE0A28BDDE6518388638BDDF4C183C18CE0032BDDE651838B4
S123DEB78638BDDF4C183C18CE000ABDDE65183818CEDE9218A60081FF2707BDDF4118084E
S123DED720F232183839183C362008183C368601BDDF41C62718CE025D183A862018A700D1
S123DEF75A2CF25F18CE0295183A186F0018CE0285183A183A186F00186F015CC10826E48B
S123DF1786FF18CE029F18A70018A70218A70418A70618A70818A70ABDDF66321838393C49
S123DF37CE1000BDDF5FA66138393CCE1000BDDF5FA76038393CCE1000A76038393CCE103C
S123DF5700BDDF5FA761383936A6602BFC32398601B7029E8628B7029D1403807F0004392F
S123DF777A029D265E8628B7029DB600038880B7000386FFB700045F3718CE029F183A18A3
S123DF97A60081FF272EF6029E2617BDDE7236CE025D163AA600BDDF543218A10127154C4E
S123DFB720ECBDDE72368620BDDF543218A10127034C20F1335C5CC10A23BDB6029E880179
S123DFD7B7029E393C183C30368F8300118F351AEF00A610A70EA70F6F0A6F0B6C0A6C0BAF
S123DFF76C0F180818A600817C26F1A610BDDE7218CE025DE610183AE60B5A183A18E600AE
S123E017C10825066A0B26E8200B18CE0295183A186A0020EF1AEE00E60A5C183A1AEF0232
S123E0371AEE0218E6001AEE0018A600817C273FC120263EA70C3CCE10001D228838A60ECF
S123E057BDDE72A60CBDDF543CCE10001C22883818CE025DE60E183A18A7001AEE0218086A
S123E0771AEF021AEE0018081AEF006C0E20B17EE147ED046F0C18CE0285E60C183A183AE9
S123E09718EC001AA30427336C0CA60C810826E66F0C18CE0295E60C183A18A600270D6CED
S123E0B70CA60C810826EB862A7EE04B18CE0285E60C183A183AEC0418ED0018CE9FD1EC5A
S123E0D70418A60011271518081808180818081808188CA05326EA86407EE04B18EC03ED6C
S123E0F70818EE011AEF0618A600A104270EC609183A1AAC0826F086237EE04B1808A60C26
S123E1174848488A40A70DC608A60DBDDF4118A600BDDF5418086C0D5A26EEA60EBDDE72BA
S123E13718CE0295E60C183A186C00A60C7EE04B308FC300118F3518383839C6084F18CE09
S123E157029518A70018085A26F839BDDEE24FBDDFDBC629183A8614BDDFDB39840336866C
S123E17738BDDF41328403BDDF54398600B702AB7E04008680A7246F226F2DBDDEE218CEF4
S123E197870CBDE162183C18CE7530BDDE651838BDDEE2861418CE8077BDDFDBBDE28718F9
S123E1B7CE80CA183C18A601B702AC18081808183C860BC613BDDE801838860BBDDFDBCE75
S123E1D710006F227F0242CE10001D2480B602ACBDE29E183C18CE0014BDDE651838B6022A
S123E1F74227E4CE10001C2480810127022013B6024381082E037EE1DE7F024218388D0B9E
S123E217201D7F024218388D0C2038180818A600810126F739180918A600810126F739181D
S123E2378C824626068D5018CE8246188C83CE26068D4B18CE83CE188C85C226308D311871
S123E257CE80CA188C80C926088D3318CE85C18DC4188C824626088D1718CE82458DB618ED
S123E2778C83CE26088D1018CE83CD8DA87EE1BA4F18CE8038200C4F18CE804D20054F18B0
S123E297CE8062BDDFDB39B602ACB702ADBDE2C7BDE2EA5F370C7802AD24068D138D3A20D0
S123E2B7068D0D8D3A2000335CC10826E78D0139CE10001D002086171C0020010101010197
S123E2D701010101011D0020010101010101014A26E639CC17708D0D39CC09608D0739CC57
S123E2F704B08D0139CE10001D00201D23BFE30EED181F2340FC398614B702FBBDDEE218DE
S123E3173C18CE0BB8BDDE65183818CE8E68BDE162183C18CE61A8BDDE65183818CE8EBA10
S123E337BDE1627F024FB6024FBB024227F818CEE4CDBDE1620FCE10008633A72B860CA785
S123E3572D18CEE70118A600BDE47A1808188CE80226F2183C18CE1388BDDE651838867EDF
S123E377BDE4A4CE10008630A72B860CA72DA62F5F37183C18CE1388BDDE651838860DBD91
S123E397E47A338649BDE47A2000867EBDE4A4183C18CE1388BDDE65183818CEE6E0130793
S123E3B7FF0418CEE6B98614BDDFDB8614B702FB7F02FC18CEECFE1307FF0418CEE802CE53
S123E3D7100018A600BDE47A183C18CE0050BDDE65183818A601BDE47A183C18CE012CBD61
S123E3F7DE65183818A6008153261D1307FF07863FBDE4A420127C02FCB602FC810425085E
S123E417863FBDE4A47F02FC180818081307FF08188CECFE26AC2006188CFECE26A418CE53
S123E437E5C3BDE162183C18CE61A8BDDE65183818CEE615BDE1627EE47718CEE51FBDE144
S123E45762183C18CE7530BDDE65183818CEE571BDE1627EE47718CEE667BDE1627EE477EF
S123E47720FE39CE10001F2E80FCA72F39183C18CE0000CE10001E2E200E011808188CC35A
S123E4970023F318387EE46DA62F1838393C183C3637343434183018A700867C18A70186E6
S123E4B75318A702B602FBBDDFDB7C02FB3131313332183838392020446F776E6C6F616459
S123E4D7696E672E2E2E2E2020207C2020202020202020202020204C202020202020202083
S123E4F7202020202020202020202020202020202020207C202020202020202020202020A5
S123E517202020202020202053657269616C20436F6D6D2E204572726F7273207C2020200D
S123E537202020202020202020202020202020202020446F776E6C6F61642061626F727410
S123E55765642120207C20202020202020202020202020202020202020202020202020508A
S123E5776F77657220646F776E20202020207C2020202020202020202020202020202020AF
S123E597202020202020616E642074727920616761696E212020207C2020202020202020D1
S123E5B7204C20204C20202020202020202020202020446F776E6C6F6164202020202020B0
S123E5D77C20202020202020202020202020202020202020202020202020436F6D706C6524
S123E5F77465642120202020207C20202020202020204C202020202020202020202020209A
S123E61720506F77657220446F776E20544D202020207C202020202020202020202020209D
S123E63720202020202020436F6E66696775726520532F4D20746F2052554E7C202020203A
S123E657204C20202020202020202020202020202020202052782074696D65206F757421C1
S123E677202020207C2020202020202020202020202020202020202020506F776572206472
S123E6976F776E2C20636865636B20534D7C4C202020202020202020202020202020202019
S123E6B720204F4F4F4F4F4F4F4F4F4F4F4F4F4F4F4F4F4F4F7C5353535353535353535368
S123E6D75353535353535353534F4F4F4F4F4F4F4F4F4F4F4F4F4F4F4F7C535353535353D6
S123E6F753535353535353535353FF8E00FFCE10001D350F6F2CCC300CA72BE72D1C3C20F5
S123E7179F008D7CC1492714C15826097C0000868097012007C15626E77A00008D62C153C7
S123E73726FA8D5CC1312719C13926F08D5F1780028D6B8D584A26FB188C000027FE186E57
S123E757008D4A1780038D5618092017D6002B252705C6A65A26FD18E600D803D40126F7EC
S123E7774A27B98D2818087D00002B05274318E700D70320D718E600D10327E48D0820E026
S123E7971F2E20FCE62F1F2E80FCE72F398DF18D1758585858D7028DE78D0DDA0239368D87
S123E7B7EC178DE9188F3239C1392302CB09C40F39368616188C103F260286068D10860216
S123E7D78D0C188C103F260318E6003220A3A73B18E7006C3B3CCE0D050926FD386A3B6F5A
S123E7F73B39FFFFFFFFFFFFFFFFFF53313233463830303136393631373533313831393122
S123E8174138453030464643453130303030463144333530313143323638303143303746D1
S123E8374631433039334138363330413732423836303036355331323346383230413732BD
S123E8574338363043413732443143323630333144323434303836303441373343313430B8
S123E87734464631443030463031443033464631443034464630453745463834303331531F
S123E897313233463834303746303030303746303030314343303030304444303231453292
S123E8B7453230343231323034464646384136304134333834374632363134393630313258
S123E8D7374544383134304133533132334638363032363137444330323141383330303623
S123E8F734323345313936303132303042393730314443303243333030303144443032323D
S123E9173044323136344634433534323446433441323853313233463838303136433130CD
S123E9373632363039413630343838383041373034374546383430374546393242413632B0
S123E95746424446393733443630303236324142444639393135443237314139415331323F
S123E97733463841303831313832363033374546394137383131393236303337454639426F
S123E997303831314132363033374546394236393730303745463834423831464632363046
S123E9B73337454639313153313233463843303741374546383442383146463236303337F3
S123E9D7454639374143343746433131363237314143313137323731364331353332363016
S123E9F73738313444323630333745463938394137533132334638453042444639393135B5
S123EA174432363032323032453745463841303135303446463831313532323142383131F3
S123EA373032353137383430464331313732373633313639363030383546365331323346DE
S123EA573930303830323730353143303438303230303331443034383032303145424446E2
S123EA773939313544323730333745463841303745463834303030313030313030323030B6
S123EA973230304338533132334639323034303034303038303038343030303130383030CF
S123EAB7303230313843454639313938363033334431383341313841363030453630334349
S123EAD734334631424137303331383038363853313233463934303138413630304536302A
S123EAF7304334304631424137303031383038313841363030453630344334433031424105
S123EB17373034374546383430303130323034303831303230313634445331323346393612
S123EB373031384345463935393138334131384136303045363033433443303142413730AC
S123EB5733374546383430314632453830464341373246333931343034464631443030465E
S123EB77303537533132334639383031443033433031443034464637454638343038363260
S123EB97414244463937333745463834303138434546383030313841313030323730413137
S123EBB738303831383843463830383932533132334639413032364633354633394336301B
S123EBD7313339413630343838383041373034374546383430314330343430374546383426
S123EBF73031443034343037454638343031383343313843453138533132334639433046D5
S123EC174646463230323031383343313843453242433032303138313833433138434531C0
S123EC373635323230313031383343313843453035393432303038313833433138434538E5
S123EC573153313138463945303031313832303030313830393236464331383338333934C4
S123EC77464137303041373034413730333230464533423635533132334646443646394623
S123EC97344639463446394634463946344639463446394634463946344639463446394691
S123ECB7344639463446394634463946344639463446394634463946344639454234305372
S123ECD7313044464646364639463446394634463946344639463446383037344153393072
S123ECF73330303030464353313233464635303433364637303739373236393637363837FF
S123ED1734323032383433323932303331333933393332323032443230333133393339335A
S123ED373632303632373932303435364536434142533132334646373036393637363837A9
S123ED573436353645363536343230343137353634363936463230343436353733363936DD
S123ED7737364537333230343336463732373036463732363137343639353353313233468A
S123ED97463930364636453341323032303533373736393734363336383444363137333773
S123EDB7343635373232303230343636393732364437373631373236353230353636353798
S123EDD73237334442533131454646423036393646364532303330324533303330333133FF
S123EDF7393230323034413735364536353230333133363243323033313339333933363257
S123EE17303230453653313233463830303830383138323033303430353030303130323841
S123EE37333834383530363030303130323033303430353030303130323033303430353374
S123EE5732323130424646303032313038314353313233463832304646303031333445468D
S123EE77463830323130394646344532313039464630303337303946463030333630394669
S123EE9746303033353039464630303342303946463030334130393035533132334638344D
S123EEB73046463030333930394646344531333746464630303044374146463030304537F0
S123EED74246463030303230433032374646463030303430444646304430323443464630DC
S123EEF73037465331323346383630303738354646303030383738464630303043373946D1
S123EF174638353133443232313746464638353038373846463835304337394646303031A0
S123EF373239363231313146463936373153313233463838303133413132313132464638BE
S123EF57353036413530353645464642453231313346463030313133434646393730353670
S123EF7734464639373231304132313046464638353131393938305331323346384130305C
S123EF9731353846463939303335394646383532304338323043394646413532304339460F
S123EFB746393730374134303534464646334331313733464630303046373446463030340A
S123EFD7305331323346384330313037354646303830303030464335453039303030304619
S123EFF74335353041304134424643364230423030303046433642304330433131464544A6
S123F0174230443044303046413936533132334638453030333046303030304642453531AD
S123F03731303030304643314331323030303046433136313330303030464331303134320F
S123F057383030464544423135333030304645444231363544533132334639303033413066
S123F07730464544423337333734424645444233433343313146424434344330303030460E
S123F0973945383444344435424645444234453445313146443142344630303030443753CE
S123F0B7313233463932304644424235383030303046433038353930303030464330433632
S123F0D7343030303046444635364530303030464346383733303030304642453537343013
S123F0F73030304642443946425331323346393430373530303030464244463738303030CF
S123F1173046443045373930303030464431323741303030304643343737423030303046DD
S123F13743344537463030303046454442393630454342533132334639363039373045335B
S123F15739314330383038424446443437424446443437314430383038333938453030464D
S123F17746434531303030304631443335303131433236383031433037464636305331326A
S123F197334639383031433039334131384345303035453138364630303138303932364659
S123F1B73931384345464545413138444632303138434530303332313844463232383631F8
S123F1D7394244464438415331323346394130323042444639443742444641303338363089
S123F1F74439373136393731373134304646463836333041373242383630304137324338EA
S123F2173632434137324431433236303331433034533132334639433032343430383630E0
S123F237344137334330453745463943414244464131353744303031433237463842444628
S123F257414143323046334236463830303937323434433937323537463139533132334663
S123F277394530303032363836303642444643313633394244464437364136303038343057
S123F29746393730393746303030303936323437433030323442444643374237463030304D
S123F2B7343746333153313233464130303030303133393936323433363836303642444643
S123F2D74337423332393732344244464346433144303438303339424446443344393631B0
S123F2F7363831304432363130393632453531533132334641323032373043383630323914
S123F3173731433937313031343046464637454641413037463030324231453041343030AF
S123F3373331343242464639363242393132433237303831323242333653313233464134A3
S123F35730464633463132333046463342393632453236303337454641393839313244325F
S123F37736303337454641393835463043354334363234464331384345464242323138331D
S123F397414532533132334641363031384136303039373143393731303134304646463830
S123F3B736333231333242464630353134333046463836424539373136383631313937313D
S123F3D73931343246464637454641313953313233464138303938374630303330383633D9
S123F3F74339373136383631313937313943363131443731434437313031343046464631F0
S123F417343246464639363242393732433936324539373244343453313233464141303389
S123F4373937463030304531463034343030333134304533463339393631434436304632C0
S123F4573730383746303031353746303030463230304338313031323730343831303333F1
S123F47737533132334641433032363532313231354646344531323146464630333134305C
S123F497464646443631434244464242434437314439363143393731424244464233393797
S123F4B74430303141323633343431533132334641453044363144433146463237324538FB
S123F4D736323039373142424446423339374430303141323632324436314443313030320E
S123F4F73731304331303632323043383632313937314239395331323346423030424446E5
S123F5174233393744303031413236304338363232393731424244464233393744303031BF
S123F5374132363030393631433937313037443030314132363132393631373937423353CC
S123F5573132334642323031363936313438313032324330383743303031343134304646CD
S123F577463230303937463030314637463030313437463030314333393134314146463178
S123F597384345463831393436533132334642343031384136303031383038393131363255
S123F5B7363037313841363030393131423237304131383038313838434638433332343558
S123F5D736323045363138413630313937313831324435533132334642363031383830332C
S123F5F74639363138383130413235303331343135464631384345463843333138413630E2
S123F6173039313138323730434336303531383341313838434639354532354139533132C1
S123F637334642383045463230324230463138334331384545303331384144303031383396
S123F6573830453138413630313937313631384136303239373139323631363936313639D0
S123F67737313737454138533132334642413046424231313331464646303039373136431D
S123F69736344244373139323030333746303031413339303631373136313531423141318D
S123F6B73930423041303939363143383435463738533132334642433035463138434546DB
S123F6D74242323138413130303237303931383038354343313039324646344336464633FC
S123F6F7393836393739373137333939363234384138303230323039363431533132334617
S123F7174245303234383437463230314131353246304639363234383838303937323444D9
S123F7373632383533443432414437324131333234383030364436323844413241443732AC
S123F757413937323953313233464330303234374330303234424446433742333931433062
S123F77734343033393144303434303339313843454638304432303041313843454638306C
S123F797363230303431384345463830303831533132334643323044363144354131383345
S123F7B7413138413630303937333138343746393132373237313639373237344343363054
S123F7D73134413237303335383230464144373239433433464136343353313233464334EC
S123F7F7303033383443303142413730333339393632353937314432303038333939363230
S123F8173539373144323030413339313432364646313843454638303632303037313532E5
S123F83736334153313233464336304646313843454638303044363144443732353230306D
S123F85738383630303937313731384345463830444436314435413138334131384136307A
S123F877303931323432363033374542345331323346433830464343313937323434433854
S123F89734374643363031344132373033353832304641443732383936323442444643441E
S123F8B73331333246464630433133324646303046393632383542533132334643413039EB
S123F8D7343241383433463230304239363238343339343241393732413936323438343831
S123F8F7303236303831443034383031353234383032303036314330343830313432344461
S123F917305331323346434330383037463030324633393030313030303230303034303017
S123F9373038303430303038303030303030303138334333373138434546434335343831F0
S123F957363138334131384136363953313233464345303030453630334334334631424161
S123F9773730333138303831384136303045363030433430463142413730303333313833AC
S123F997383339313230344646303831443034374631343639533132334644303030344646
S123F9B746323030393936313638313044323730333746303030343339313430314646336A
S123F9D7393746303030313339383638353937313733393836383039373137333941455317
S123F9F7313233464432303138444532303138453630303138444532323138453730303106
S123FA173830383138444632323138444532303138303831384446323034413236453733CE
S123FA3739413630413433384253313233464434303336383433463937324533323339319B
S123FA5738334331384345464646463230323031383343313843453242433032303138315D
S123FA7738334331384345313635323230313031384237533132334644363033433138435E
S123FA9745303539343230303831383343313843453031313832303030313830393236468E
S123FAB743313833383339384443463844434431384345464442303844313936455331329C
S123FAD733464438303844433538444333384443313844424638444244384442423844424C
S123FAF73931384345464442333844303538444231384441463339313841363030393730A3
S123FB1732313830384639533132334644413031384136303041373034424446443446318D
S123FB373830383741303030323236463133393032334633463037334633453343333833C5
S123FB57303230303038363043313843454638413953313233464443303030313844463263
S123FB77323138434546383044313844463230313845363030313844453232333642444631
S123FB97454443333231383038313844463232313844453230313830383830533132334635
S123FBB7444530313844463230344132364535393632353937314431323236464630333719
S123FBD74546433545374546433535333944363235354131333236464630324342303631BA
S123FBF7384345433453313233464530304638303031383341443632344244464544433379
S123FC173941363245413632463831374632373137383143303237323331453246383030CC
S123FC373239373143313230393031303642345331323346453230314632463830303438C1
S123FC5734374638443041334243434639373031383330313845443037334231463245384A
S123FC77304643413732463339383643303844463543363043313843395331323346453403
S123FC97304345463830303844323031383038354132364639313843453030323438443143
S123FCB7353138434530303237384430463836343531453034343030323836363538444438
S123FCD73243345331323346453630383630443844434533423836353331383145303038DE
S123FCF73030323836343338444332313841363030383437463842333138444239333934F3
S123FD174641373030413730344137363853313233464538303033374630303033323046C1
S123FD3745313330314646303637463030304542444641413131443235424631323031466D
S123FD57463034443632384437304537443030313932373235453153313233464541303763
S123FD77413030313932363230323030463836323339373143393731303134304646463894
S123FD9736313139373139323030463936313739373136313331363830303738363442438F
S123FDB73053313233464543303937313937463030313742444641313542444639354531CF
S123FDD73230344646303841363034383443303941304541373034313431314646334233FE
S123FDF73931384531303032374532533132334645453030383836313639443332383630EA
S123FE173239443332333941373342313845373030364333423138334331384345304232B3
S123FE37383138303932364643313833383641334236463546533130364646303033423377
S123FE573933423442533132334646443646453041464630324646303246463032464630F2
S123FE773246463032464630324646303246463032464630324646303246463032464630F7
S123FE9732464538364646303246453741463653313044464646364646303246463032468D
S11AFEB7463032464630324639373039305339303330303030464313
S123FFD6C030B530B530B530B309B1B90218B530B530B1ABB530B530B1CAB441B2DCB51E67
S10DFFF60215B530B530B530AC2764
S90380007C
